Date,Open,High,Low,Close,Adj Close,Volume
2010-01-12,0.077,0.077,0.077,0.077,0.077,0
2010-01-13,0.076,0.076,0.076,0.076,0.076,0
2010-01-14,0.077,0.098,0.077,0.098,0.098,4299
2010-01-15,0.071,0.071,0.071,0.071,0.071,0
2010-01-19,0.071,0.098,0.071,0.078,0.078,1
2010-01-20,0.068,0.068,0.068,0.068,0.068,0
2010-01-21,0.068,0.068,0.068,0.068,0.068,0
2010-01-22,0.061,0.061,0.061,0.061,0.061,0
2010-01-25,0.061,0.061,0.061,0.061,0.061,0
2010-01-26,0.063,0.063,0.063,0.063,0.063,0
2010-01-27,0.053,0.053,0.053,0.053,0.053,0
2010-01-28,0.054,0.054,0.054,0.054,0.054,0
2010-01-29,0.054,0.054,0.054,0.054,0.054,0
2010-02-01,0.054,0.054,0.054,0.054,0.054,0
2010-02-02,0.054,0.054,0.054,0.054,0.054,0
2010-02-03,0.054,0.054,0.054,0.054,0.054,0
2010-02-04,0.068,0.068,0.068,0.068,0.068,0
2010-02-05,0.061,0.061,0.061,0.061,0.061,0
2010-02-08,0.062,0.062,0.062,0.062,0.062,0
2010-02-09,0.048,0.048,0.048,0.048,0.048,0
2010-02-10,0.058,0.058,0.058,0.058,0.058,0
2010-02-11,0.059,0.059,0.059,0.059,0.059,0
2010-02-12,0.063,0.063,0.063,0.063,0.063,0
2010-02-16,0.067,0.067,0.067,0.067,0.067,0
2010-02-17,0.06,0.06,0.06,0.06,0.06,0
2010-02-18,0.06,0.06,0.06,0.06,0.06,0
2010-02-19,0.067,0.067,0.067,0.067,0.067,0
2010-02-22,0.061,0.061,0.061,0.061,0.061,0
2010-02-23,0.061,0.061,0.061,0.061,0.061,0
2010-02-24,0.067,0.067,0.067,0.067,0.067,0
2010-02-25,0.067,0.067,0.067,0.067,0.067,0
2010-02-26,0.067,0.067,0.067,0.067,0.067,0
2010-03-01,0.06,0.06,0.06,0.06,0.06,0
2010-03-02,0.072,0.072,0.072,0.072,0.072,0
2010-03-03,0.068,0.068,0.068,0.068,0.068,0
2010-03-04,0.057,0.057,0.057,0.057,0.057,0
2010-03-05,0.076,0.076,0.076,0.076,0.076,0
2010-03-08,0.061,0.061,0.061,0.061,0.061,0
2010-03-09,0.06,0.06,0.06,0.06,0.06,0
2010-03-10,0.06,0.06,0.06,0.06,0.06,0
2010-03-11,0.06,0.06,0.06,0.06,0.06,0
2010-03-12,0.06,0.06,0.06,0.06,0.06,0
2010-03-15,0.061,0.061,0.061,0.061,0.061,0
2010-03-16,0.062,0.062,0.062,0.062,0.062,0
2010-03-17,0.062,0.062,0.062,0.062,0.062,0
2010-03-18,0.077,0.077,0.077,0.077,0.077,0
2010-03-19,0.077,0.077,0.077,0.077,0.077,0
2010-03-22,0.066,0.066,0.066,0.066,0.066,0
2010-03-23,0.066,0.066,0.066,0.066,0.066,0
2010-03-24,0.07,0.07,0.07,0.07,0.07,0
2010-03-25,0.071,0.071,0.071,0.071,0.071,0
2010-03-26,0.067,0.067,0.067,0.067,0.067,0
2010-03-29,0.063,0.063,0.063,0.063,0.063,0
2010-03-30,0.063,0.063,0.063,0.063,0.063,0
2010-03-31,0.078,0.078,0.078,0.078,0.078,0
2010-04-01,0.067,0.067,0.067,0.067,0.067,0
2010-04-06,0.064,0.064,0.064,0.064,0.064,0
2010-04-07,0.079,0.079,0.079,0.079,0.079,0
2010-04-08,0.076,0.076,0.076,0.076,0.076,0
2010-04-09,0.08,0.08,0.08,0.08,0.08,0
2010-04-12,0.078,0.078,0.078,0.078,0.078,0
2010-04-13,0.07,0.07,0.07,0.07,0.07,0
2010-04-14,0.071,0.071,0.071,0.071,0.071,0
2010-04-15,0.078,0.078,0.078,0.078,0.078,0
2010-04-16,0.082,0.082,0.082,0.082,0.082,0
2010-04-19,0.081,0.081,0.081,0.081,0.081,0
2010-04-20,0.082,0.082,0.082,0.082,0.082,0
2010-04-21,0.084,0.084,0.084,0.084,0.084,0
2010-04-22,0.068,0.068,0.068,0.068,0.068,0
2010-04-23,0.069,0.069,0.069,0.069,0.069,0
2010-04-26,0.069,0.069,0.069,0.069,0.069,0
2010-04-27,0.068,0.068,0.068,0.068,0.068,0
2010-04-28,0.068,0.068,0.068,0.068,0.068,0
2010-04-29,0.069,0.069,0.069,0.069,0.069,0
2010-04-30,0.065,0.065,0.065,0.065,0.065,0
2010-05-03,0.068,0.068,0.068,0.068,0.068,0
2010-05-04,0.069,0.069,0.069,0.069,0.069,0
2010-05-05,0.065,0.065,0.065,0.065,0.065,0
2010-05-06,0.065,0.065,0.065,0.065,0.065,0
2010-05-07,0.065,0.065,0.065,0.065,0.065,0
2010-05-10,0.067,0.067,0.067,0.067,0.067,0
2010-05-11,0.066,0.066,0.066,0.066,0.066,0
2010-05-12,0.063,0.063,0.063,0.063,0.063,0
2010-05-13,0.064,0.064,0.064,0.064,0.064,0
2010-05-14,0.064,0.064,0.064,0.064,0.064,0
2010-05-17,0.06,0.06,0.06,0.06,0.06,0
2010-05-18,0.065,0.065,0.065,0.065,0.065,0
2010-05-19,0.065,0.065,0.065,0.065,0.065,0
2010-05-20,0.07,0.07,0.07,0.07,0.07,0
2010-05-21,0.06,0.06,0.06,0.06,0.06,0
2010-05-24,0.062,0.062,0.062,0.062,0.062,0
2010-05-25,0.06,0.06,0.06,0.06,0.06,0
2010-05-26,0.06,0.06,0.06,0.06,0.06,0
2010-05-27,0.061,0.061,0.061,0.061,0.061,0
2010-05-28,0.06,0.06,0.06,0.06,0.06,0
2010-06-01,0.06,0.06,0.06,0.06,0.06,0
2010-06-02,0.06,0.06,0.06,0.06,0.06,0
2010-06-03,0.057,0.057,0.057,0.057,0.057,0
2010-06-04,0.059,0.059,0.059,0.059,0.059,0
2010-06-07,0.059,0.059,0.059,0.059,0.059,0
2010-06-08,0.059,0.059,0.059,0.059,0.059,0
2010-06-09,0.05,0.05,0.05,0.05,0.05,0
2010-06-10,0.05,0.05,0.05,0.05,0.05,0
2010-06-11,0.051,0.051,0.051,0.051,0.051,0
2010-06-14,0.051,0.051,0.051,0.051,0.051,0
2010-06-15,0.046,0.046,0.046,0.046,0.046,0
2010-06-16,0.045,0.045,0.045,0.045,0.045,0
2010-06-17,0.046,0.046,0.046,0.046,0.046,0
2010-06-18,0.045,0.045,0.045,0.045,0.045,0
2010-06-21,0.046,0.046,0.046,0.046,0.046,0
2010-06-22,0.051,0.051,0.051,0.051,0.051,0
2010-06-23,0.046,0.046,0.046,0.046,0.046,0
2010-06-24,0.046,0.046,0.046,0.046,0.046,0
2010-06-25,0.049,0.049,0.049,0.049,0.049,0
2010-06-28,0.049,0.049,0.049,0.049,0.049,0
2010-06-29,0.049,0.049,0.049,0.049,0.049,0
2010-06-30,0.045,0.045,0.045,0.045,0.045,0
2010-07-01,0.048,0.048,0.048,0.048,0.048,0
2010-07-02,0.048,0.048,0.048,0.048,0.048,0
2010-07-06,0.044,0.044,0.043,0.043,0.043,0
2010-07-07,0.043,0.043,0.043,0.043,0.043,0
2010-07-08,0.043,0.043,0.043,0.043,0.043,0
2010-07-09,0.044,0.044,0.044,0.044,0.044,0
2010-07-12,0.044,0.044,0.044,0.044,0.044,0
2010-07-13,0.044,0.044,0.044,0.044,0.044,0
2010-07-14,0.044,0.044,0.044,0.044,0.044,0
2010-07-15,0.043,0.043,0.043,0.043,0.043,0
2010-07-16,0.042,0.042,0.042,0.042,0.042,0
2010-07-19,0.049,0.049,0.049,0.049,0.049,0
2010-07-20,0.05,0.05,0.05,0.05,0.05,0
2010-07-21,0.046,0.046,0.046,0.046,0.046,0
2010-07-22,0.058,0.058,0.058,0.058,0.058,0
2010-07-23,0.058,0.058,0.058,0.058,0.058,0
2010-07-26,0.062,0.062,0.062,0.062,0.062,0
2010-07-27,0.066,0.066,0.066,0.066,0.066,0
2010-07-28,0.08,0.08,0.08,0.08,0.08,0
2010-07-29,0.084,0.084,0.084,0.084,0.084,0
2010-07-30,0.071,0.071,0.071,0.071,0.071,0
2010-08-02,0.077,0.077,0.077,0.077,0.077,0
2010-08-03,0.075,0.075,0.075,0.075,0.075,0
2010-08-04,0.064,0.064,0.064,0.064,0.064,0
2010-08-05,0.065,0.065,0.065,0.065,0.065,0
2010-08-06,0.058,0.058,0.058,0.058,0.058,0
2010-08-09,0.057,0.057,0.057,0.057,0.057,0
2010-08-10,0.071,0.071,0.071,0.071,0.071,0
2010-08-11,0.06,0.06,0.06,0.06,0.06,0
2010-08-12,0.06,0.06,0.06,0.06,0.06,0
2010-08-13,0.073,0.073,0.073,0.073,0.073,0
2010-08-16,0.089,0.089,0.089,0.089,0.089,0
2010-08-17,0.103,0.103,0.103,0.103,0.103,0
2010-08-18,0.097,0.097,0.097,0.097,0.097,0
2010-08-19,0.097,0.097,0.097,0.097,0.097,0
2010-08-20,0.096,0.096,0.096,0.096,0.096,0
2010-08-23,0.104,0.104,0.104,0.104,0.104,0
2010-08-24,0.102,0.102,0.102,0.102,0.102,0
2010-08-25,0.088,0.088,0.088,0.088,0.088,0
2010-08-26,0.088,0.088,0.088,0.088,0.088,0
2010-08-27,0.103,0.103,0.103,0.103,0.103,0
2010-08-30,0.103,0.103,0.103,0.103,0.103,0
2010-08-31,0.079,0.079,0.079,0.079,0.079,0
2010-09-01,0.083,0.083,0.083,0.083,0.083,0
2010-09-02,0.083,0.083,0.083,0.083,0.083,0
2010-09-03,0.068,0.068,0.068,0.068,0.068,0
2010-09-07,0.084,0.084,0.084,0.084,0.084,0
2010-09-08,0.073,0.073,0.073,0.073,0.073,0
2010-09-09,0.074,0.074,0.074,0.074,0.074,0
2010-09-10,0.089,0.089,0.089,0.089,0.089,0
2010-09-13,0.078,0.078,0.078,0.078,0.078,0
2010-09-14,0.081,0.081,0.081,0.081,0.081,0
2010-09-15,0.084,0.084,0.084,0.084,0.084,0
2010-09-16,0.08,0.08,0.08,0.08,0.08,0
2010-09-17,0.088,0.088,0.088,0.088,0.088,0
2010-09-20,0.087,0.087,0.087,0.087,0.087,0
2010-09-21,0.075,0.075,0.075,0.075,0.075,0
2010-09-22,0.09,0.09,0.09,0.09,0.09,0
2010-09-23,0.089,0.089,0.089,0.089,0.089,0
2010-09-24,0.096,0.096,0.096,0.096,0.096,0
2010-09-27,0.103,0.103,0.103,0.103,0.103,0
2010-09-28,0.102,0.102,0.102,0.102,0.102,0
2010-09-29,0.102,0.102,0.102,0.102,0.102,0
2010-09-30,0.104,0.104,0.104,0.104,0.104,0
2010-10-01,0.112,0.112,0.112,0.112,0.112,0
2010-10-04,0.097,0.097,0.097,0.097,0.097,0
2010-10-05,0.104,0.104,0.104,0.104,0.104,0
2010-10-06,0.101,0.101,0.101,0.101,0.101,0
2010-10-07,0.119,0.119,0.119,0.119,0.119,0
2010-10-08,0.11,0.11,0.11,0.11,0.11,0
2010-10-11,0.111,0.111,0.111,0.111,0.111,0
2010-10-12,0.111,0.111,0.111,0.111,0.111,0
2010-10-13,0.105,0.105,0.105,0.105,0.105,0
2010-10-14,0.122,0.122,0.122,0.122,0.122,0
2010-10-15,0.114,0.114,0.114,0.114,0.114,0
2010-10-18,0.136,0.136,0.136,0.136,0.136,3200
2010-10-19,0.11,0.11,0.11,0.11,0.11,0
2010-10-20,0.1,0.1,0.1,0.1,0.1,0
2010-10-21,0.113,0.113,0.113,0.113,0.113,12000
2010-10-22,0.117,0.117,0.117,0.117,0.117,0
2010-10-25,0.106,0.106,0.106,0.106,0.106,0
2010-10-26,0.102,0.102,0.102,0.102,0.102,0
2010-10-27,0.124,0.124,0.124,0.124,0.124,0
2010-10-28,0.125,0.125,0.125,0.125,0.125,0
2010-10-29,0.124,0.124,0.124,0.124,0.124,0
2010-11-01,0.125,0.277,0.125,0.277,0.277,69500
2010-11-02,0.417,0.417,0.391,0.391,0.391,19000
2010-11-03,0.331,0.331,0.331,0.331,0.331,200
2010-11-04,0.293,0.293,0.293,0.293,0.293,0
2010-11-05,0.26,0.26,0.26,0.26,0.26,0
2010-11-08,0.261,0.297,0.261,0.297,0.297,12500
2010-11-09,0.291,0.291,0.291,0.291,0.291,0
2010-11-10,0.306,0.306,0.306,0.306,0.306,0
2010-11-11,0.31,0.31,0.31,0.31,0.31,0
2010-11-12,0.336,0.336,0.336,0.336,0.336,0
2010-11-15,0.33,0.33,0.33,0.33,0.33,0
2010-11-16,0.27,0.277,0.27,0.277,0.277,1700
2010-11-17,0.232,0.232,0.232,0.232,0.232,0
2010-11-18,0.237,0.237,0.237,0.237,0.237,0
2010-11-19,0.25,0.25,0.25,0.25,0.25,0
2010-11-22,0.258,0.258,0.258,0.258,0.258,0
2010-11-23,0.252,0.252,0.252,0.252,0.252,0
2010-11-24,0.263,0.263,0.263,0.263,0.263,0
2010-11-26,0.272,0.28,0.272,0.28,0.28,1700
2010-11-29,0.296,0.296,0.296,0.296,0.296,0
2010-11-30,0.304,0.304,0.304,0.304,0.304,0
2010-12-01,0.3,0.3,0.3,0.3,0.3,0
2010-12-02,0.272,0.272,0.272,0.272,0.272,0
2010-12-03,0.262,0.262,0.262,0.262,0.262,0
2010-12-06,0.165,0.165,0.165,0.165,0.165,0
2010-12-07,0.181,0.181,0.181,0.181,0.181,0
2010-12-08,0.177,0.177,0.177,0.177,0.177,0
2010-12-09,0.162,0.162,0.162,0.162,0.162,0
2010-12-10,0.163,0.163,0.163,0.163,0.163,0
2010-12-13,0.151,0.151,0.151,0.151,0.151,0
2010-12-14,0.176,0.176,0.176,0.176,0.176,0
2010-12-15,0.173,0.173,0.173,0.173,0.173,0
2010-12-16,0.171,0.171,0.171,0.171,0.171,0
2010-12-17,0.17,0.17,0.17,0.17,0.17,0
2010-12-20,0.178,0.178,0.178,0.178,0.178,0
2010-12-21,0.163,0.163,0.163,0.163,0.163,0
2010-12-22,0.23,0.25,0.23,0.25,0.25,20000
2010-12-23,0.243,0.243,0.243,0.243,0.243,0
2010-12-27,0.24,0.24,0.24,0.24,0.24,0
2010-12-28,0.239,0.239,0.239,0.239,0.239,0
2010-12-29,0.243,0.243,0.243,0.243,0.243,0
2010-12-30,0.256,0.256,0.256,0.256,0.256,0
2011-01-03,0.296,0.296,0.296,0.296,0.296,0
2011-01-04,0.292,0.292,0.292,0.292,0.292,0
2011-01-05,0.292,0.292,0.292,0.292,0.292,0
2011-01-06,0.297,0.297,0.297,0.297,0.297,0
2011-01-07,0.26,0.26,0.26,0.26,0.26,0
2011-01-10,0.24,0.24,0.24,0.24,0.24,5300
2011-01-11,0.248,0.248,0.248,0.248,0.248,0
2011-01-12,0.248,0.248,0.248,0.248,0.248,0
2011-01-13,0.249,0.249,0.249,0.249,0.249,0
2011-01-14,0.251,0.251,0.251,0.251,0.251,0
2011-01-18,0.256,0.256,0.252,0.252,0.252,0
2011-01-19,0.252,0.252,0.252,0.252,0.252,0
2011-01-20,0.244,0.244,0.244,0.244,0.244,0
2011-01-21,0.235,0.235,0.235,0.235,0.235,0
2011-01-24,0.243,0.243,0.243,0.243,0.243,0
2011-01-25,0.234,0.234,0.234,0.234,0.234,0
2011-01-26,0.233,0.233,0.233,0.233,0.233,0
2011-01-27,0.24,0.24,0.24,0.24,0.24,0
2011-01-28,0.246,0.246,0.246,0.246,0.246,0
2011-01-31,0.244,0.244,0.244,0.244,0.244,0
2011-02-01,0.247,0.247,0.247,0.247,0.247,0
2011-02-02,0.232,0.232,0.232,0.232,0.232,0
2011-02-03,0.248,0.248,0.248,0.248,0.248,0
2011-02-04,0.246,0.246,0.246,0.246,0.246,0
2011-02-07,0.248,0.248,0.248,0.248,0.248,20000
2011-02-08,0.257,0.257,0.257,0.257,0.257,0
2011-02-09,0.248,0.248,0.248,0.248,0.248,0
2011-02-10,0.243,0.243,0.243,0.243,0.243,0
2011-02-11,0.24,0.24,0.24,0.24,0.24,0
2011-02-14,0.234,0.234,0.234,0.234,0.234,0
2011-02-15,0.242,0.242,0.242,0.242,0.242,0
2011-02-16,0.234,0.234,0.234,0.234,0.234,0
2011-02-17,0.248,0.248,0.248,0.248,0.248,0
2011-02-18,0.249,0.249,0.249,0.249,0.249,0
2011-02-22,0.324,0.324,0.323,0.323,0.323,0
2011-02-23,0.286,0.286,0.286,0.286,0.286,0
2011-02-24,0.28,0.28,0.28,0.28,0.28,0
2011-02-25,0.282,0.282,0.282,0.282,0.282,0
2011-02-28,0.284,0.284,0.284,0.284,0.284,0
2011-03-01,0.279,0.279,0.279,0.279,0.279,0
2011-03-02,0.281,0.281,0.281,0.281,0.281,0
2011-03-03,0.307,0.307,0.307,0.307,0.307,0
2011-03-04,0.325,0.325,0.325,0.325,0.325,0
2011-03-07,0.336,0.356,0.336,0.356,0.356,14000
2011-03-11,0.283,0.283,0.283,0.283,0.283,0
2011-03-14,0.258,0.258,0.258,0.258,0.258,0
2011-03-15,0.178,0.178,0.178,0.178,0.178,0
2011-03-16,0.184,0.184,0.184,0.184,0.184,0
2011-03-17,0.195,0.195,0.195,0.195,0.195,0
2011-03-18,0.191,0.191,0.191,0.191,0.191,0
2011-03-21,0.179,0.179,0.179,0.179,0.179,0
2011-03-22,0.199,0.199,0.199,0.199,0.199,0
2011-03-23,0.191,0.191,0.191,0.191,0.191,0
2011-03-24,0.178,0.178,0.178,0.178,0.178,0
2011-03-25,0.172,0.172,0.172,0.172,0.172,0
2011-03-28,0.165,0.165,0.165,0.165,0.165,2500
2011-03-29,0.162,0.162,0.162,0.162,0.162,0
2011-03-30,0.159,0.159,0.159,0.159,0.159,0
2011-03-31,0.158,0.158,0.158,0.158,0.158,0
2011-04-01,0.159,0.159,0.159,0.159,0.159,0
2011-04-04,0.169,0.169,0.169,0.169,0.169,0
2011-04-05,0.201,0.201,0.201,0.201,0.201,0
2011-04-06,0.173,0.192,0.173,0.192,0.192,1000
2011-04-07,0.179,0.179,0.179,0.179,0.179,0
2011-04-08,0.191,0.191,0.191,0.191,0.191,0
2011-04-11,0.197,0.197,0.197,0.197,0.197,0
2011-04-12,0.186,0.186,0.186,0.186,0.186,0
2011-04-13,0.192,0.192,0.192,0.192,0.192,0
2011-04-14,0.216,0.216,0.216,0.216,0.216,0
2011-04-15,0.191,0.191,0.191,0.191,0.191,0
2011-04-18,0.21,0.21,0.21,0.21,0.21,0
2011-04-19,0.194,0.194,0.194,0.194,0.194,0
2011-04-20,0.203,0.203,0.203,0.203,0.203,0
2011-04-21,0.193,0.193,0.193,0.193,0.193,0
2011-04-26,0.207,0.207,0.207,0.207,0.207,10000
2011-04-27,0.166,0.166,0.166,0.166,0.166,0
2011-04-28,0.172,0.172,0.172,0.172,0.172,0
2011-04-29,0.167,0.167,0.167,0.167,0.167,0
2011-05-02,0.167,0.167,0.167,0.167,0.167,0
2011-05-03,0.165,0.165,0.165,0.165,0.165,0
2011-05-04,0.181,0.181,0.181,0.181,0.181,0
2011-05-05,0.166,0.166,0.166,0.166,0.166,0
2011-05-06,0.162,0.162,0.162,0.162,0.162,0
2011-05-09,0.172,0.172,0.172,0.172,0.172,0
2011-05-10,0.182,0.182,0.182,0.182,0.182,0
2011-05-11,0.173,0.173,0.173,0.173,0.173,0
2011-05-12,0.173,0.173,0.173,0.173,0.173,0
2011-05-13,0.159,0.159,0.159,0.159,0.159,0
2011-05-16,0.173,0.173,0.173,0.173,0.173,0
2011-05-17,0.172,0.172,0.172,0.172,0.172,0
2011-05-18,0.171,0.171,0.171,0.171,0.171,0
2011-05-19,0.179,0.179,0.179,0.179,0.179,0
2011-05-20,0.174,0.174,0.174,0.174,0.174,0
2011-05-23,0.161,0.161,0.161,0.161,0.161,0
2011-05-24,0.162,0.162,0.153,0.153,0.153,0
2011-05-25,0.17,0.17,0.17,0.17,0.17,0
2011-05-26,0.168,0.168,0.168,0.168,0.168,0
2011-05-27,0.16,0.16,0.16,0.16,0.16,0
2011-05-31,0.167,0.167,0.167,0.167,0.167,0
2011-06-01,0.167,0.167,0.167,0.167,0.167,0
2011-06-02,0.158,0.158,0.158,0.158,0.158,0
2011-06-03,0.157,0.157,0.157,0.157,0.157,0
2011-06-06,0.162,0.162,0.162,0.162,0.162,0
2011-06-07,0.141,0.141,0.141,0.141,0.141,0
2011-06-08,0.155,0.155,0.155,0.155,0.155,0
2011-06-09,0.155,0.155,0.155,0.155,0.155,0
2011-06-10,0.156,0.156,0.156,0.156,0.156,0
2011-06-13,0.159,0.159,0.159,0.159,0.159,0
2011-06-14,0.156,0.156,0.156,0.156,0.156,0
2011-06-15,0.151,0.151,0.151,0.151,0.151,0
2011-06-16,0.154,0.154,0.154,0.154,0.154,0
2011-06-17,0.153,0.153,0.153,0.153,0.153,0
2011-06-20,0.151,0.151,0.151,0.151,0.151,0
2011-06-21,0.144,0.144,0.144,0.144,0.144,0
2011-06-22,0.113,0.113,0.113,0.113,0.113,0
2011-06-23,0.146,0.146,0.146,0.146,0.146,0
2011-06-24,0.154,0.154,0.154,0.154,0.154,0
2011-06-27,0.145,0.145,0.145,0.145,0.145,0
2011-06-28,0.151,0.151,0.151,0.151,0.151,0
2011-06-29,0.137,0.137,0.137,0.137,0.137,0
2011-06-30,0.137,0.137,0.137,0.137,0.137,0
2011-07-01,0.145,0.145,0.145,0.145,0.145,0
2011-07-05,0.145,0.146,0.145,0.146,0.146,0
2011-07-06,0.131,0.131,0.131,0.131,0.131,0
2011-07-07,0.133,0.133,0.133,0.133,0.133,0
2011-07-08,0.126,0.126,0.126,0.126,0.126,0
2011-07-11,0.126,0.126,0.126,0.126,0.126,0
2011-07-12,0.112,0.112,0.112,0.112,0.112,0
2011-07-13,0.122,0.122,0.122,0.122,0.122,0
2011-07-14,0.135,0.135,0.135,0.135,0.135,0
2011-07-15,0.12,0.12,0.12,0.12,0.12,0
2011-07-18,0.121,0.121,0.121,0.121,0.121,0
2011-07-19,0.118,0.118,0.118,0.118,0.118,0
2011-07-20,0.114,0.114,0.114,0.114,0.114,0
2011-07-21,0.107,0.107,0.107,0.107,0.107,0
2011-07-22,0.105,0.105,0.105,0.105,0.105,0
2011-07-25,0.104,0.104,0.104,0.104,0.104,0
2011-07-26,0.105,0.105,0.105,0.105,0.105,0
2011-07-27,0.119,0.119,0.119,0.119,0.119,0
2011-07-28,0.116,0.116,0.116,0.116,0.116,0
2011-07-29,0.145,0.145,0.145,0.145,0.145,0
2011-08-01,0.147,0.147,0.147,0.147,0.147,0
2011-08-02,0.146,0.146,0.146,0.146,0.146,0
2011-08-03,0.142,0.142,0.142,0.142,0.142,0
2011-08-04,0.14,0.14,0.14,0.14,0.14,0
2011-08-05,0.114,0.114,0.114,0.114,0.114,3800
2011-08-08,0.104,0.105,0.104,0.105,0.105,0
2011-08-09,0.118,0.118,0.118,0.118,0.118,0
2011-08-10,0.101,0.101,0.101,0.101,0.101,0
2011-08-11,0.103,0.103,0.103,0.103,0.103,0
2011-08-12,0.108,0.108,0.108,0.108,0.108,0
2011-08-15,0.116,0.116,0.116,0.116,0.116,0
2011-08-16,0.107,0.107,0.107,0.107,0.107,0
2011-08-17,0.122,0.122,0.122,0.122,0.122,0
2011-08-18,0.121,0.121,0.121,0.121,0.121,0
2011-08-19,0.099,0.099,0.099,0.099,0.099,0
2011-08-22,0.1,0.1,0.1,0.1,0.1,0
2011-08-23,0.094,0.094,0.094,0.094,0.094,0
2011-08-24,0.092,0.092,0.092,0.092,0.092,0
2011-08-25,0.092,0.092,0.092,0.092,0.092,0
2011-08-26,0.094,0.094,0.094,0.094,0.094,0
2011-08-29,0.094,0.094,0.094,0.094,0.094,0
2011-08-30,0.111,0.111,0.111,0.111,0.111,0
2011-08-31,0.112,0.112,0.112,0.112,0.112,0
2011-09-01,0.094,0.094,0.094,0.094,0.094,0
2011-09-02,0.116,0.116,0.116,0.116,0.116,0
2011-09-06,0.101,0.101,0.099,0.099,0.099,0
2011-09-07,0.104,0.104,0.104,0.104,0.104,0
2011-09-08,0.103,0.103,0.103,0.103,0.103,0
2011-09-09,0.115,0.115,0.115,0.115,0.115,0
2011-09-12,0.119,0.119,0.119,0.119,0.119,0
2011-09-13,0.113,0.113,0.113,0.113,0.113,0
2011-09-14,0.101,0.101,0.101,0.101,0.101,0
2011-09-15,0.098,0.098,0.098,0.098,0.098,0
2011-09-16,0.102,0.102,0.102,0.102,0.102,0
2011-09-19,0.105,0.105,0.105,0.105,0.105,0
2011-09-20,0.098,0.098,0.098,0.098,0.098,0
2011-09-21,0.098,0.098,0.098,0.098,0.098,0
2011-09-22,0.082,0.082,0.082,0.082,0.082,0
2011-09-23,0.067,0.067,0.067,0.067,0.067,10000
2011-09-26,0.067,0.067,0.067,0.067,0.067,0
2011-09-27,0.075,0.075,0.075,0.075,0.075,0
2011-09-28,0.066,0.066,0.066,0.066,0.066,0
2011-09-29,0.071,0.071,0.071,0.071,0.071,0
2011-09-30,0.052,0.052,0.052,0.052,0.052,0
2011-10-03,0.051,0.051,0.051,0.051,0.051,0
2011-10-04,0.052,0.052,0.052,0.052,0.052,0
2011-10-05,0.052,0.052,0.052,0.052,0.052,0
2011-10-06,0.052,0.052,0.052,0.052,0.052,0
2011-10-07,0.07,0.07,0.07,0.07,0.07,0
2011-10-10,0.068,0.068,0.068,0.068,0.068,0
2011-10-11,0.066,0.066,0.066,0.066,0.066,0
2011-10-12,0.07,0.07,0.07,0.07,0.07,0
2011-10-13,0.066,0.066,0.066,0.066,0.066,0
2011-10-14,0.066,0.066,0.066,0.066,0.066,0
2011-10-17,0.077,0.077,0.077,0.077,0.077,0
2011-10-18,0.076,0.076,0.076,0.076,0.076,0
2011-10-19,0.088,0.088,0.088,0.088,0.088,0
2011-10-20,0.088,0.088,0.088,0.088,0.088,0
2011-10-21,0.088,0.088,0.088,0.088,0.088,0
2011-10-24,0.088,0.088,0.088,0.088,0.088,0
2011-10-25,0.088,0.088,0.088,0.088,0.088,0
2011-10-26,0.088,0.088,0.088,0.088,0.088,0
2011-10-27,0.075,0.075,0.075,0.075,0.075,0
2011-10-28,0.087,0.087,0.087,0.087,0.087,0
2011-10-31,0.097,0.097,0.097,0.087,0.087,0
2011-11-01,0.074,0.074,0.074,0.074,0.074,0
2011-11-02,0.06,0.06,0.06,0.06,0.06,0
2011-11-03,0.051,0.051,0.051,0.051,0.051,0
2011-11-04,0.066,0.066,0.066,0.066,0.066,0
2011-11-07,0.066,0.066,0.066,0.066,0.066,0
2011-11-08,0.056,0.056,0.056,0.056,0.056,0
2011-11-09,0.059,0.059,0.059,0.059,0.059,0
2011-11-10,0.06,0.06,0.06,0.06,0.06,0
2011-11-11,0.063,0.063,0.063,0.063,0.063,0
2011-11-14,0.081,0.081,0.081,0.081,0.081,0
2011-11-15,0.06,0.06,0.06,0.06,0.06,0
2011-11-16,0.052,0.052,0.052,0.052,0.052,0
2011-11-17,0.046,0.046,0.046,0.046,0.046,0
2011-11-18,0.049,0.049,0.049,0.049,0.049,0
2011-11-21,0.045,0.045,0.045,0.045,0.045,0
2011-11-22,0.052,0.052,0.052,0.052,0.052,0
2011-11-23,0.037,0.037,0.037,0.037,0.037,0
2011-11-25,0.038,0.045,0.038,0.045,0.045,0
2011-11-28,0.047,0.047,0.047,0.047,0.047,0
2011-11-29,0.031,0.031,0.031,0.031,0.031,0
2011-11-30,0.038,0.038,0.038,0.038,0.038,0
2011-12-01,0.043,0.043,0.043,0.043,0.043,0
2011-12-02,0.043,0.043,0.043,0.043,0.043,0
2011-12-05,0.039,0.039,0.039,0.039,0.039,0
2011-12-06,0.039,0.039,0.039,0.039,0.039,0
2011-12-07,0.047,0.047,0.047,0.047,0.047,0
2011-12-08,0.047,0.047,0.047,0.047,0.047,0
2011-12-09,0.039,0.039,0.039,0.039,0.039,0
2011-12-12,0.039,0.039,0.039,0.039,0.039,0
2011-12-13,0.036,0.036,0.036,0.036,0.036,0
2011-12-14,0.032,0.032,0.032,0.032,0.032,0
2011-12-15,0.032,0.032,0.032,0.032,0.032,0
2011-12-16,0.033,0.033,0.033,0.033,0.033,0
2011-12-19,0.032,0.032,0.032,0.032,0.032,0
2011-12-20,0.029,0.029,0.029,0.029,0.029,0
2011-12-21,0.029,0.029,0.029,0.029,0.029,0
2011-12-22,0.025,0.025,0.025,0.025,0.025,0
2011-12-23,0.025,0.025,0.025,0.025,0.025,0
2011-12-27,0.025,0.025,0.022,0.022,0.022,0
2011-12-28,0.022,0.022,0.022,0.022,0.022,0
2011-12-29,0.022,0.022,0.022,0.022,0.022,0
2011-12-30,0.022,0.022,0.022,0.022,0.022,0
2012-01-03,0.026,0.026,0.026,0.026,0.026,0
2012-01-04,0.026,0.026,0.026,0.026,0.026,0
2012-01-05,0.026,0.026,0.026,0.026,0.026,0
2012-01-06,0.027,0.027,0.027,0.027,0.027,0
2012-01-09,0.034,0.034,0.034,0.034,0.034,0
2012-01-10,0.034,0.034,0.034,0.034,0.034,0
2012-01-11,0.031,0.031,0.031,0.031,0.031,0
2012-01-12,0.027,0.027,0.027,0.027,0.027,0
2012-01-13,0.026,0.026,0.026,0.026,0.026,0
2012-01-17,0.031,0.039,0.031,0.039,0.039,0
2012-01-18,0.038,0.038,0.038,0.038,0.038,0
2012-01-19,0.042,0.042,0.042,0.042,0.042,0
2012-01-20,0.041,0.041,0.041,0.041,0.041,0
2012-01-23,0.042,0.042,0.042,0.042,0.042,0
2012-01-24,0.045,0.045,0.045,0.045,0.045,0
2012-01-25,0.034,0.034,0.034,0.034,0.034,0
2012-01-26,0.041,0.041,0.041,0.041,0.041,0
2012-01-27,0.041,0.041,0.041,0.041,0.041,0
2012-01-30,0.033,0.033,0.033,0.033,0.033,0
2012-01-31,0.03,0.03,0.03,0.03,0.03,0
2012-02-01,0.034,0.034,0.034,0.034,0.034,0
2012-02-02,0.034,0.034,0.034,0.034,0.034,0
2012-02-03,0.034,0.034,0.034,0.034,0.034,0
2012-02-06,0.034,0.034,0.034,0.034,0.034,0
2012-02-07,0.038,0.038,0.038,0.038,0.038,0
2012-02-08,0.037,0.037,0.037,0.037,0.037,0
2012-02-09,0.033,0.033,0.033,0.033,0.033,0
2012-02-10,0.037,0.037,0.037,0.037,0.037,0
2012-02-13,0.037,0.037,0.037,0.037,0.037,0
2012-02-14,0.034,0.034,0.034,0.034,0.034,0
2012-02-15,0.038,0.038,0.038,0.038,0.038,0
2012-02-16,0.034,0.043,0.034,0.043,0.043,0
2012-02-17,0.038,0.038,0.038,0.038,0.038,0
2012-02-21,0.038,0.038,0.037,0.037,0.037,0
2012-02-22,0.037,0.037,0.037,0.037,0.037,0
2012-02-23,0.045,0.045,0.045,0.045,0.045,0
2012-02-24,0.044,0.044,0.044,0.044,0.044,0
2012-02-27,0.04,0.04,0.04,0.04,0.04,0
2012-02-28,0.051,0.051,0.051,0.051,0.051,0
2012-02-29,0.048,0.048,0.048,0.048,0.048,0
2012-03-01,0.045,0.045,0.045,0.045,0.045,0
2012-03-02,0.045,0.045,0.045,0.045,0.045,0
2012-03-05,0.057,0.057,0.057,0.057,0.057,0
2012-03-06,0.053,0.053,0.053,0.053,0.053,0
2012-03-07,0.041,0.041,0.041,0.041,0.041,0
2012-03-08,0.041,0.041,0.041,0.041,0.041,0
2012-03-09,0.042,0.042,0.042,0.042,0.042,0
2012-03-12,0.038,0.038,0.038,0.042,0.042,0
2012-03-13,0.034,0.034,0.034,0.034,0.034,0
2012-03-14,0.042,0.042,0.042,0.042,0.042,0
2012-03-15,0.042,0.042,0.042,0.042,0.042,0
2012-03-16,0.042,0.042,0.042,0.042,0.042,0
2012-03-19,0.042,0.042,0.042,0.042,0.042,0
2012-03-20,0.042,0.042,0.042,0.042,0.042,0
2012-03-21,0.038,0.038,0.038,0.038,0.038,0
2012-03-22,0.038,0.038,0.038,0.038,0.038,0
2012-03-23,0.037,0.037,0.037,0.037,0.037,0
2012-03-26,0.033,0.033,0.033,0.033,0.033,0
2012-03-27,0.033,0.033,0.033,0.033,0.033,0
2012-03-28,0.033,0.033,0.033,0.033,0.033,0
2012-03-29,0.033,0.033,0.033,0.033,0.033,0
2012-03-30,0.033,0.033,0.033,0.033,0.033,0
2012-04-02,0.033,0.033,0.033,0.033,0.033,0
2012-04-03,0.034,0.034,0.034,0.034,0.034,0
2012-04-04,0.034,0.034,0.034,0.034,0.034,0
2012-04-05,0.038,0.038,0.038,0.038,0.038,0
2012-04-09,0.038,0.038,0.038,0.038,0.038,0
2012-04-10,0.034,0.034,0.034,0.034,0.034,0
2012-04-11,0.038,0.038,0.038,0.038,0.038,0
2012-04-12,0.034,0.034,0.034,0.034,0.034,0
2012-04-13,0.03,0.03,0.03,0.03,0.03,0
2012-04-16,0.03,0.03,0.03,0.03,0.03,0
2012-04-17,0.03,0.03,0.03,0.03,0.03,0
2012-04-18,0.034,0.034,0.034,0.034,0.034,0
2012-04-19,0.031,0.031,0.031,0.031,0.031,0
2012-04-20,0.042,0.042,0.042,0.042,0.042,0
2012-04-23,0.042,0.042,0.042,0.042,0.042,0
2012-04-24,0.03,0.03,0.03,0.03,0.03,0
2012-04-25,0.03,0.03,0.03,0.03,0.03,0
2012-04-26,0.034,0.034,0.034,0.034,0.034,0
2012-04-27,0.038,0.038,0.038,0.038,0.038,0
2012-04-30,0.038,0.038,0.038,0.038,0.038,0
2012-05-01,0.038,0.038,0.038,0.038,0.038,0
2012-05-02,0.034,0.034,0.034,0.034,0.034,0
2012-05-03,0.038,0.038,0.038,0.038,0.038,0
2012-05-04,0.038,0.038,0.038,0.038,0.038,0
2012-05-07,0.041,0.041,0.041,0.041,0.041,0
2012-05-08,0.038,0.038,0.038,0.038,0.038,0
2012-05-09,0.031,0.031,0.031,0.031,0.031,0
2012-05-10,0.031,0.031,0.031,0.031,0.031,0
2012-05-11,0.034,0.034,0.034,0.034,0.034,0
2012-05-14,0.031,0.031,0.031,0.031,0.031,0
2012-05-15,0.043,0.043,0.043,0.043,0.043,0
2012-05-16,0.031,0.031,0.031,0.031,0.031,0
2012-05-17,0.05,0.05,0.05,0.05,0.05,0
2012-05-18,0.035,0.035,0.035,0.035,0.035,0
2012-05-21,0.038,0.038,0.038,0.038,0.038,0
2012-05-22,0.038,0.038,0.038,0.038,0.038,0
2012-05-23,0.042,0.042,0.042,0.042,0.042,0
2012-05-24,0.043,0.043,0.043,0.043,0.043,0
2012-05-25,0.043,0.043,0.043,0.043,0.043,0
2012-05-29,0.043,0.043,0.04,0.04,0.04,0
2012-05-30,0.039,0.039,0.039,0.039,0.039,0
2012-05-31,0.035,0.035,0.035,0.035,0.035,0
2012-06-01,0.043,0.043,0.043,0.043,0.043,0
2012-06-04,0.042,0.042,0.042,0.042,0.042,0
2012-06-05,0.038,0.038,0.038,0.038,0.038,0
2012-06-06,0.035,0.035,0.035,0.035,0.035,0
2012-06-07,0.035,0.035,0.035,0.035,0.035,0
2012-06-08,0.039,0.039,0.039,0.039,0.039,0
2012-06-11,0.04,0.04,0.04,0.04,0.04,0
2012-06-12,0.039,0.039,0.039,0.039,0.039,0
2012-06-13,0.035,0.035,0.035,0.035,0.035,0
2012-06-14,0.039,0.039,0.039,0.039,0.039,0
2012-06-15,0.035,0.035,0.035,0.035,0.035,0
2012-06-18,0.034,0.034,0.034,0.034,0.034,0
2012-06-19,0.035,0.035,0.035,0.035,0.035,0
2012-06-20,0.039,0.039,0.039,0.039,0.039,0
2012-06-21,0.031,0.031,0.031,0.031,0.031,0
2012-06-22,0.035,0.035,0.035,0.035,0.035,0
2012-06-25,0.039,0.039,0.039,0.039,0.039,0
2012-06-26,0.039,0.039,0.039,0.039,0.039,0
2012-06-27,0.035,0.035,0.035,0.035,0.035,0
2012-06-28,0.035,0.035,0.035,0.035,0.035,0
2012-06-29,0.04,0.04,0.04,0.04,0.04,0
2012-07-02,0.031,0.031,0.031,0.031,0.031,0
2012-07-03,0.031,0.031,0.031,0.031,0.031,0
2012-07-05,0.031,0.032,0.031,0.032,0.032,0
2012-07-06,0.04,0.04,0.04,0.04,0.04,0
2012-07-09,0.032,0.032,0.032,0.032,0.032,0
2012-07-10,0.032,0.032,0.032,0.032,0.032,0
2012-07-11,0.036,0.036,0.036,0.036,0.036,0
2012-07-12,0.037,0.037,0.037,0.037,0.037,0
2012-07-13,0.037,0.037,0.037,0.037,0.037,0
2012-07-16,0.041,0.041,0.041,0.041,0.041,0
2012-07-17,0.061,0.061,0.061,0.061,0.061,0
2012-07-18,0.061,0.061,0.061,0.061,0.061,0
2012-07-19,0.061,0.061,0.061,0.061,0.061,0
2012-07-20,0.061,0.061,0.061,0.061,0.061,0
2012-07-23,0.062,0.062,0.062,0.062,0.062,0
2012-07-24,0.062,0.062,0.062,0.062,0.062,0
2012-07-25,0.062,0.062,0.062,0.062,0.062,0
2012-07-26,0.066,0.066,0.066,0.066,0.066,0
2012-07-27,0.065,0.065,0.065,0.065,0.065,0
2012-07-30,0.062,0.062,0.062,0.062,0.062,0
2012-07-31,0.058,0.058,0.058,0.058,0.058,0
2012-08-01,0.062,0.062,0.062,0.062,0.062,0
2012-08-02,0.062,0.062,0.062,0.062,0.062,0
2012-08-03,0.062,0.062,0.062,0.062,0.062,0
2012-08-06,0.061,0.061,0.061,0.061,0.061,0
2012-08-07,0.061,0.061,0.061,0.061,0.061,0
2012-08-08,0.061,0.061,0.061,0.061,0.061,0
2012-08-09,0.062,0.062,0.062,0.062,0.062,0
2012-08-10,0.054,0.054,0.054,0.054,0.054,0
2012-08-13,0.054,0.054,0.054,0.054,0.054,0
2012-08-14,0.054,0.054,0.054,0.054,0.054,0
2012-08-15,0.054,0.054,0.054,0.054,0.054,0
2012-08-16,0.055,0.055,0.055,0.055,0.055,0
2012-08-17,0.063,0.063,0.063,0.063,0.063,0
2012-08-20,0.062,0.062,0.062,0.062,0.062,0
2012-08-21,0.058,0.058,0.058,0.058,0.058,0
2012-08-22,0.062,0.062,0.062,0.062,0.062,0
2012-08-23,0.061,0.061,0.061,0.061,0.061,0
2012-08-24,0.061,0.061,0.061,0.061,0.061,0
2012-08-27,0.053,0.053,0.053,0.053,0.053,0
2012-08-28,0.053,0.053,0.053,0.053,0.053,0
2012-08-29,0.061,0.061,0.061,0.061,0.061,0
2012-08-30,0.061,0.061,0.061,0.061,0.061,0
2012-08-31,0.061,0.061,0.061,0.061,0.061,0
2012-09-04,0.061,0.061,0.061,0.061,0.061,0
2012-09-05,0.049,0.049,0.049,0.049,0.049,0
2012-09-06,0.049,0.049,0.049,0.049,0.049,0
2012-09-07,0.049,0.049,0.049,0.049,0.049,0
2012-09-10,0.048,0.048,0.048,0.048,0.048,0
2012-09-11,0.049,0.049,0.049,0.049,0.049,0
2012-09-12,0.048,0.048,0.048,0.048,0.048,0
2012-09-13,0.048,0.048,0.048,0.048,0.048,0
2012-09-14,0.052,0.052,0.052,0.052,0.052,0
2012-09-17,0.047,0.047,0.047,0.047,0.047,0
2012-09-18,0.047,0.047,0.047,0.047,0.047,0
2012-09-19,0.047,0.047,0.047,0.047,0.047,0
2012-09-20,0.043,0.043,0.043,0.043,0.043,0
2012-09-21,0.052,0.052,0.052,0.052,0.052,0
2012-09-24,0.052,0.052,0.052,0.052,0.052,0
2012-09-25,0.052,0.052,0.052,0.052,0.052,0
2012-09-26,0.044,0.044,0.044,0.044,0.044,0
2012-09-27,0.036,0.036,0.036,0.036,0.036,0
2012-09-28,0.044,0.044,0.044,0.044,0.044,0
2012-10-01,0.044,0.044,0.044,0.044,0.044,0
2012-10-02,0.048,0.048,0.048,0.048,0.048,0
2012-10-03,0.047,0.047,0.047,0.047,0.047,0
2012-10-04,0.047,0.047,0.047,0.047,0.047,0
2012-10-05,0.039,0.039,0.039,0.039,0.039,0
2012-10-08,0.04,0.04,0.04,0.04,0.04,0
2012-10-09,0.04,0.04,0.04,0.04,0.04,0
2012-10-10,0.052,0.052,0.052,0.052,0.052,0
2012-10-11,0.052,0.052,0.052,0.052,0.052,0
2012-10-12,0.052,0.052,0.052,0.052,0.052,0
2012-10-15,0.052,0.052,0.052,0.052,0.052,0
2012-10-16,0.051,0.051,0.051,0.051,0.051,0
2012-10-17,0.05,0.05,0.05,0.05,0.05,0
2012-10-18,0.051,0.051,0.051,0.051,0.051,0
2012-10-19,0.05,0.05,0.05,0.05,0.05,0
2012-10-22,0.05,0.05,0.05,0.05,0.05,0
2012-10-23,0.038,0.038,0.038,0.038,0.038,0
2012-10-24,0.039,0.039,0.039,0.039,0.039,0
2012-10-25,0.039,0.039,0.039,0.039,0.039,0
2012-10-26,0.049,0.049,0.049,0.049,0.049,0
2012-10-31,0.039,0.039,0.038,0.038,0.038,0
2012-11-01,0.031,0.031,0.031,0.031,0.031,0
2012-11-02,0.035,0.035,0.035,0.035,0.035,0
2012-11-05,0.035,0.035,0.035,0.035,0.035,0
2012-11-06,0.035,0.035,0.035,0.035,0.035,0
2012-11-07,0.039,0.039,0.039,0.039,0.039,0
2012-11-08,0.032,0.032,0.032,0.032,0.032,0
2012-11-09,0.031,0.031,0.031,0.031,0.031,0
2012-11-12,0.032,0.032,0.032,0.032,0.032,0
2012-11-13,0.032,0.032,0.032,0.032,0.032,0
2012-11-14,0.032,0.032,0.032,0.032,0.032,0
2012-11-15,0.031,0.031,0.031,0.031,0.031,0
2012-11-16,0.031,0.031,0.031,0.031,0.031,0
2012-11-19,0.031,0.031,0.031,0.031,0.031,0
2012-11-20,0.024,0.024,0.024,0.024,0.024,0
2012-11-21,0.032,0.032,0.032,0.032,0.032,0
2012-11-23,0.035,0.043,0.035,0.043,0.043,0
2012-11-26,0.043,0.043,0.043,0.043,0.043,0
2012-11-27,0.043,0.043,0.043,0.043,0.043,0
2012-11-28,0.043,0.043,0.043,0.043,0.043,0
2012-11-29,0.035,0.035,0.035,0.035,0.035,0
2012-11-30,0.035,0.035,0.035,0.035,0.035,0
2012-12-03,0.031,0.031,0.031,0.031,0.031,0
2012-12-04,0.046,0.046,0.046,0.046,0.046,0
2012-12-05,0.042,0.042,0.042,0.042,0.042,0
2012-12-06,0.038,0.038,0.038,0.038,0.038,0
2012-12-07,0.039,0.039,0.039,0.039,0.039,0
2012-12-10,0.039,0.039,0.039,0.039,0.039,0
2012-12-11,0.039,0.039,0.039,0.039,0.039,0
2012-12-12,0.031,0.031,0.031,0.031,0.031,0
2012-12-13,0.043,0.043,0.043,0.043,0.043,0
2012-12-14,0.027,0.027,0.027,0.027,0.027,0
2012-12-17,0.019,0.019,0.019,0.019,0.019,0
2012-12-18,0.023,0.023,0.023,0.023,0.023,0
2012-12-19,0.038,0.038,0.038,0.038,0.038,0
2012-12-20,0.023,0.023,0.023,0.023,0.023,0
2012-12-21,0.025,0.025,0.025,0.025,0.025,0
2012-12-24,0.025,0.025,0.025,0.025,0.025,0
2012-12-26,0.025,0.025,0.025,0.025,0.025,0
2012-12-27,0.026,0.026,0.026,0.026,0.026,0
2012-12-28,0.026,0.026,0.026,0.026,0.026,0
2012-12-31,0.026,0.026,0.026,0.026,0.026,0
2013-01-02,0.026,0.034,0.026,0.034,0.034,0
2013-01-03,0.027,0.027,0.027,0.027,0.027,0
2013-01-04,0.027,0.027,0.027,0.027,0.027,0
2013-01-07,0.027,0.027,0.027,0.027,0.027,0
2013-01-08,0.027,0.027,0.027,0.027,0.027,0
2013-01-09,0.027,0.027,0.027,0.027,0.027,0
2013-01-10,0.023,0.023,0.023,0.023,0.023,2000
2013-01-11,0.027,0.027,0.027,0.027,0.027,0
2013-01-14,0.026,0.026,0.026,0.026,0.026,0
2013-01-15,0.03,0.03,0.03,0.03,0.03,0
2013-01-16,0.03,0.03,0.03,0.03,0.03,0
2013-01-17,0.026,0.026,0.026,0.026,0.026,0
2013-01-18,0.022,0.022,0.022,0.022,0.022,0
2013-01-22,0.026,0.026,0.026,0.026,0.026,0
2013-01-23,0.026,0.026,0.026,0.026,0.026,0
2013-01-24,0.025,0.025,0.025,0.025,0.025,0
2013-01-25,0.025,0.025,0.025,0.025,0.025,0
2013-01-28,0.025,0.025,0.025,0.025,0.025,0
2013-01-29,0.025,0.025,0.025,0.025,0.025,0
2013-01-30,0.025,0.025,0.025,0.025,0.025,0
2013-01-31,0.025,0.025,0.025,0.025,0.025,0
2013-02-01,0.032,0.032,0.032,0.032,0.032,0
2013-02-04,0.032,0.032,0.032,0.032,0.032,0
2013-02-05,0.033,0.033,0.033,0.033,0.033,0
2013-02-06,0.032,0.032,0.032,0.032,0.032,0
2013-02-07,0.032,0.032,0.032,0.032,0.032,0
2013-02-08,0.033,0.033,0.033,0.033,0.033,0
2013-02-11,0.033,0.033,0.033,0.033,0.033,0
2013-02-12,0.032,0.032,0.032,0.032,0.032,0
2013-02-13,0.021,0.021,0.021,0.021,0.021,0
2013-02-14,0.021,0.021,0.021,0.021,0.021,0
2013-02-15,0.022,0.022,0.022,0.022,0.022,0
2013-02-19,0.021,0.021,0.021,0.021,0.021,0
2013-02-20,0.021,0.021,0.021,0.021,0.021,0
2013-02-21,0.021,0.021,0.021,0.021,0.021,0
2013-02-22,0.021,0.021,0.021,0.021,0.021,0
2013-02-25,0.021,0.021,0.021,0.021,0.021,20000
2013-02-26,0.022,0.022,0.022,0.022,0.022,0
2013-02-27,0.033,0.033,0.033,0.033,0.033,0
2013-02-28,0.025,0.025,0.025,0.025,0.025,0
2013-03-01,0.025,0.025,0.025,0.025,0.025,0
2013-03-04,0.025,0.025,0.025,0.025,0.025,0
2013-03-05,0.025,0.025,0.025,0.025,0.025,0
2013-03-06,0.025,0.025,0.025,0.025,0.025,0
2013-03-07,0.025,0.025,0.025,0.025,0.025,0
2013-03-08,0.025,0.025,0.025,0.025,0.025,0
2013-03-11,0.025,0.025,0.025,0.025,0.025,0
2013-03-12,0.022,0.022,0.022,0.022,0.022,0
2013-03-13,0.018,0.018,0.018,0.018,0.018,0
2013-03-14,0.018,0.018,0.018,0.018,0.018,0
2013-03-15,0.018,0.018,0.018,0.018,0.018,0
2013-03-18,0.017,0.017,0.017,0.017,0.017,0
2013-03-19,0.018,0.018,0.018,0.018,0.018,0
2013-03-20,0.018,0.018,0.018,0.018,0.018,0
2013-03-21,0.03,0.03,0.03,0.03,0.03,0
2013-03-22,0.018,0.018,0.018,0.018,0.018,0
2013-03-25,0.018,0.018,0.018,0.018,0.018,0
2013-03-26,0.015,0.015,0.015,0.015,0.015,0
2013-03-27,0.015,0.015,0.015,0.015,0.015,0
2013-03-28,0.019,0.019,0.019,0.019,0.019,0
2013-04-01,0.019,0.019,0.019,0.019,0.019,0
2013-04-02,0.003,0.003,0.003,0.003,0.003,0
2013-04-03,0.03,0.03,0.03,0.03,0.03,0
2013-04-04,0.033,0.033,0.033,0.033,0.033,0
2013-04-05,0.049,0.049,0.049,0.049,0.049,0
2013-04-08,0.056,0.056,0.056,0.056,0.056,0
2013-04-09,0.048,0.048,0.048,0.048,0.048,0
2013-04-10,0.041,0.041,0.041,0.041,0.041,0
2013-04-11,0.045,0.045,0.045,0.045,0.045,0
2013-04-12,0.052,0.052,0.052,0.052,0.052,0
2013-04-15,0.037,0.037,0.037,0.037,0.037,0
2013-04-16,0.037,0.037,0.037,0.037,0.037,0
2013-04-17,0.036,0.036,0.036,0.036,0.036,0
2013-04-18,0.025,0.025,0.025,0.025,0.025,0
2013-04-19,0.029,0.029,0.029,0.029,0.029,0
2013-04-22,0.025,0.025,0.025,0.025,0.025,0
2013-04-23,0.025,0.025,0.025,0.025,0.025,0
2013-04-24,0.037,0.037,0.037,0.037,0.037,0
2013-04-25,0.037,0.037,0.037,0.037,0.037,0
2013-04-26,0.052,0.052,0.052,0.052,0.052,0
2013-04-29,0.048,0.048,0.048,0.048,0.048,0
2013-04-30,0.037,0.037,0.037,0.037,0.037,0
2013-05-01,0.037,0.037,0.037,0.037,0.037,0
2013-05-02,0.037,0.037,0.037,0.037,0.037,0
2013-05-03,0.037,0.037,0.037,0.037,0.037,0
2013-05-06,0.037,0.037,0.037,0.037,0.037,0
2013-05-07,0.041,0.041,0.041,0.041,0.041,0
2013-05-08,0.054,0.054,0.054,0.054,0.054,0
2013-05-09,0.045,0.045,0.045,0.045,0.045,0
2013-05-10,0.041,0.041,0.041,0.041,0.041,0
2013-05-13,0.034,0.034,0.034,0.034,0.034,0
2013-05-14,0.042,0.042,0.042,0.042,0.042,0
2013-05-15,0.037,0.037,0.037,0.037,0.037,0
2013-05-16,0.038,0.038,0.038,0.038,0.038,0
2013-05-17,0.038,0.038,0.038,0.038,0.038,0
2013-05-20,0.037,0.037,0.037,0.037,0.037,0
2013-05-21,0.037,0.037,0.037,0.037,0.037,0
2013-05-22,0.037,0.037,0.037,0.037,0.037,0
2013-05-23,0.037,0.037,0.037,0.037,0.037,0
2013-05-24,0.037,0.037,0.037,0.037,0.037,0
2013-05-28,0.037,0.037,0.037,0.037,0.037,0
2013-05-29,0.044,0.044,0.044,0.044,0.044,0
2013-05-30,0.044,0.044,0.044,0.044,0.044,0
2013-05-31,0.051,0.057,0.051,0.057,0.057,1300
2013-06-03,0.047,0.047,0.047,0.047,0.047,0
2013-06-04,0.047,0.047,0.047,0.047,0.047,0
2013-06-05,0.047,0.047,0.047,0.047,0.047,0
2013-06-06,0.047,0.047,0.047,0.047,0.047,0
2013-06-07,0.052,0.052,0.052,0.052,0.052,0
2013-06-10,0.047,0.047,0.047,0.047,0.047,0
2013-06-11,0.047,0.047,0.047,0.047,0.047,0
2013-06-12,0.047,0.047,0.047,0.047,0.047,0
2013-06-13,0.058,0.058,0.058,0.058,0.058,0
2013-06-14,0.054,0.054,0.054,0.054,0.054,0
2013-06-17,0.062,0.062,0.062,0.062,0.062,0
2013-06-18,0.061,0.061,0.061,0.061,0.061,0
2013-06-19,0.061,0.061,0.061,0.061,0.061,0
2013-06-20,0.067,0.067,0.067,0.067,0.067,0
2013-06-21,0.064,0.064,0.064,0.064,0.064,0
2013-06-24,0.046,0.046,0.046,0.046,0.046,0
2013-06-25,0.046,0.046,0.046,0.046,0.046,0
2013-06-26,0.053,0.053,0.053,0.053,0.053,0
2013-06-27,0.039,0.039,0.039,0.039,0.039,0
2013-06-28,0.061,0.061,0.061,0.061,0.061,0
2013-07-01,0.054,0.054,0.054,0.054,0.054,0
2013-07-02,0.053,0.053,0.053,0.053,0.053,0
2013-07-03,0.054,0.054,0.054,0.054,0.054,0
2013-07-05,0.054,0.054,0.039,0.039,0.039,0
2013-07-08,0.054,0.054,0.054,0.054,0.054,0
2013-07-09,0.039,0.039,0.039,0.039,0.039,0
2013-07-10,0.04,0.04,0.04,0.04,0.04,0
2013-07-11,0.04,0.04,0.04,0.04,0.04,0
2013-07-12,0.036,0.036,0.036,0.036,0.036,0
2013-07-15,0.036,0.036,0.036,0.036,0.036,0
2013-07-16,0.035,0.035,0.035,0.035,0.035,0
2013-07-17,0.039,0.039,0.039,0.039,0.039,0
2013-07-18,0.039,0.039,0.039,0.039,0.039,0
2013-07-19,0.039,0.039,0.039,0.039,0.039,0
2013-07-22,0.039,0.039,0.039,0.039,0.039,0
2013-07-23,0.035,0.035,0.035,0.035,0.035,0
2013-07-24,0.036,0.036,0.036,0.036,0.036,0
2013-07-25,0.036,0.036,0.036,0.036,0.036,0
2013-07-26,0.032,0.032,0.032,0.032,0.032,0
2013-07-29,0.032,0.032,0.032,0.032,0.032,0
2013-07-30,0.032,0.032,0.032,0.032,0.032,0
2013-07-31,0.032,0.032,0.032,0.032,0.032,0
2013-08-01,0.032,0.032,0.032,0.032,0.032,0
2013-08-02,0.032,0.032,0.032,0.032,0.032,0
2013-08-05,0.031,0.031,0.031,0.031,0.031,0
2013-08-06,0.031,0.031,0.031,0.031,0.031,0
2013-08-07,0.031,0.031,0.031,0.031,0.031,0
2013-08-08,0.038,0.038,0.038,0.038,0.038,0
2013-08-09,0.042,0.042,0.042,0.042,0.042,0
2013-08-12,0.038,0.038,0.038,0.038,0.038,0
2013-08-13,0.038,0.038,0.038,0.038,0.038,0
2013-08-14,0.038,0.038,0.038,0.038,0.038,0
2013-08-15,0.038,0.038,0.038,0.038,0.038,0
2013-08-16,0.038,0.038,0.038,0.038,0.038,0
2013-08-19,0.046,0.046,0.046,0.046,0.046,0
2013-08-20,0.045,0.045,0.045,0.045,0.045,0
2013-08-21,0.038,0.038,0.038,0.038,0.038,0
2013-08-22,0.041,0.041,0.041,0.041,0.041,0
2013-08-23,0.044,0.044,0.044,0.044,0.044,0
2013-08-26,0.038,0.038,0.038,0.038,0.038,0
2013-08-27,0.038,0.038,0.038,0.038,0.038,0
2013-08-28,0.038,0.038,0.038,0.038,0.038,0
2013-08-29,0.038,0.038,0.038,0.038,0.038,0
2013-08-30,0.038,0.038,0.038,0.038,0.038,0
2013-09-03,0.031,0.031,0.031,0.031,0.031,0
2013-09-04,0.031,0.031,0.031,0.031,0.031,0
2013-09-05,0.031,0.031,0.031,0.031,0.031,0
2013-09-06,0.031,0.031,0.031,0.031,0.031,0
2013-09-09,0.032,0.032,0.032,0.032,0.032,0
2013-09-10,0.031,0.031,0.031,0.031,0.031,0
2013-09-11,0.031,0.031,0.031,0.031,0.031,0
2013-09-12,0.031,0.031,0.031,0.031,0.031,0
2013-09-13,0.032,0.032,0.032,0.032,0.032,0
2013-09-16,0.031,0.031,0.031,0.031,0.031,0
2013-09-17,0.031,0.031,0.031,0.031,0.031,0
2013-09-18,0.031,0.031,0.031,0.031,0.031,0
2013-09-19,0.035,0.035,0.035,0.035,0.035,0
2013-09-20,0.034,0.034,0.034,0.034,0.034,0
2013-09-23,0.034,0.034,0.034,0.034,0.034,0
2013-09-24,0.031,0.031,0.031,0.031,0.031,0
2013-09-25,0.031,0.031,0.031,0.031,0.031,0
2013-09-26,0.034,0.034,0.034,0.034,0.034,0
2013-09-27,0.04,0.04,0.04,0.04,0.04,0
2013-09-30,0.04,0.04,0.04,0.04,0.04,0
2013-10-01,0.034,0.034,0.034,0.034,0.034,0
2013-10-02,0.034,0.034,0.034,0.034,0.034,0
2013-10-03,0.034,0.034,0.034,0.034,0.034,0
2013-10-04,0.034,0.034,0.034,0.034,0.034,0
2013-10-07,0.031,0.031,0.031,0.031,0.031,0
2013-10-08,0.03,0.03,0.03,0.03,0.03,0
2013-10-09,0.03,0.03,0.03,0.03,0.03,0
2013-10-10,0.03,0.03,0.03,0.03,0.03,0
2013-10-11,0.03,0.03,0.03,0.03,0.03,0
2013-10-14,0.03,0.03,0.03,0.03,0.03,0
2013-10-15,0.03,0.03,0.03,0.03,0.03,0
2013-10-16,0.023,0.023,0.023,0.023,0.023,0
2013-10-17,0.023,0.023,0.023,0.023,0.023,0
2013-10-18,0.034,0.034,0.034,0.034,0.034,0
2013-10-21,0.023,0.023,0.023,0.023,0.023,0
2013-10-22,0.02,0.02,0.02,0.02,0.02,0
2013-10-23,0.026,0.026,0.026,0.026,0.026,0
2013-10-24,0.019,0.019,0.019,0.019,0.019,0
2013-10-25,0.026,0.026,0.026,0.026,0.026,0
2013-10-28,0.026,0.026,0.026,0.026,0.026,0
2013-10-29,0.026,0.026,0.026,0.026,0.026,0
2013-10-30,0.022,0.022,0.022,0.022,0.022,0
2013-10-31,0.022,0.022,0.022,0.022,0.022,0
2013-11-01,0.023,0.023,0.023,0.023,0.023,0
2013-11-04,0.023,0.023,0.023,0.023,0.023,0
2013-11-05,0.027,0.027,0.027,0.027,0.027,0
2013-11-06,0.016,0.016,0.016,0.016,0.016,0
2013-11-07,0.027,0.027,0.027,0.027,0.027,0
2013-11-08,0.027,0.027,0.027,0.027,0.027,0
2013-11-11,0.027,0.027,0.027,0.027,0.027,0
2013-11-12,0.023,0.023,0.023,0.023,0.023,0
2013-11-13,0.027,0.027,0.027,0.027,0.027,0
2013-11-14,0.027,0.027,0.027,0.027,0.027,0
2013-11-15,0.027,0.027,0.027,0.027,0.027,0
2013-11-18,0.027,0.027,0.027,0.027,0.027,0
2013-11-19,0.03,0.03,0.03,0.03,0.03,0
2013-11-20,0.03,0.03,0.03,0.03,0.03,0
2013-11-21,0.02,0.02,0.02,0.02,0.02,0
2013-11-22,0.019,0.019,0.019,0.019,0.019,0
2013-11-25,0.022,0.022,0.022,0.022,0.022,0
2013-11-26,0.023,0.023,0.023,0.023,0.023,0
2013-11-27,0.015,0.015,0.015,0.015,0.015,0
2013-11-29,0.015,0.015,0.015,0.015,0.015,0
2013-12-02,0.015,0.015,0.015,0.015,0.015,0
2013-12-03,0.015,0.015,0.015,0.015,0.015,0
2013-12-04,0.015,0.015,0.015,0.015,0.015,0
2013-12-05,0.015,0.015,0.015,0.015,0.015,0
2013-12-06,0.011,0.011,0.011,0.011,0.011,0
2013-12-09,0.011,0.011,0.011,0.011,0.011,0
2013-12-10,0.011,0.011,0.011,0.011,0.011,0
2013-12-11,0.008,0.008,0.008,0.008,0.008,0
2013-12-12,0.008,0.008,0.008,0.008,0.008,0
2013-12-13,0.008,0.008,0.008,0.008,0.008,0
2013-12-16,0.008,0.008,0.008,0.008,0.008,0
2013-12-17,0.008,0.008,0.008,0.008,0.008,0
2013-12-18,0.008,0.008,0.008,0.008,0.008,0
2013-12-19,0.008,0.008,0.008,0.008,0.008,0
2013-12-20,0.008,0.008,0.008,0.008,0.008,0
2013-12-23,0.008,0.008,0.008,0.008,0.008,0
2013-12-24,0.008,0.008,0.008,0.008,0.008,0
2013-12-26,0.008,0.008,0.008,0.008,0.008,0
2013-12-27,0.008,0.008,0.008,0.008,0.008,0
2013-12-30,0.008,0.008,0.008,0.008,0.008,0
2013-12-31,0.008,0.008,0.008,0.008,0.008,0
2014-01-02,0.008,0.025,0.008,0.025,0.025,0
2014-01-03,0.033,0.033,0.033,0.033,0.033,0
2014-01-06,0.015,0.015,0.015,0.015,0.015,0
2014-01-07,0.015,0.015,0.015,0.015,0.015,0
2014-01-08,0.014,0.014,0.014,0.014,0.014,0
2014-01-09,0.014,0.014,0.014,0.014,0.014,0
2014-01-10,0.014,0.014,0.014,0.014,0.014,0
2014-01-13,0.017,0.017,0.017,0.017,0.017,0
2014-01-14,0.032,0.032,0.032,0.032,0.032,0
2014-01-15,0.034,0.034,0.034,0.034,0.034,0
2014-01-16,0.029,0.029,0.029,0.029,0.029,0
2014-01-17,0.017,0.017,0.017,0.017,0.017,0
2014-01-21,0.018,0.018,0.018,0.018,0.018,0
2014-01-22,0.021,0.021,0.021,0.021,0.021,0
2014-01-23,0.02,0.02,0.02,0.02,0.02,0
2014-01-24,0.017,0.017,0.017,0.017,0.017,0
2014-01-27,0.01,0.01,0.01,0.01,0.01,0
2014-01-28,0.017,0.017,0.017,0.017,0.017,0
2014-01-29,0.017,0.017,0.017,0.017,0.017,0
2014-01-30,0.017,0.017,0.017,0.017,0.017,0
2014-01-31,0.014,0.014,0.014,0.014,0.014,0
2014-02-03,0.007,0.007,0.007,0.007,0.007,0
2014-02-04,0.001,0.001,0.001,0.001,0.001,0
2014-02-05,0.013,0.013,0.013,0.013,0.013,0
2014-02-06,0.013,0.013,0.013,0.013,0.013,0
2014-02-07,0.013,0.013,0.013,0.013,0.013,0
2014-02-10,0.004,0.004,0.004,0.004,0.004,0
2014-02-11,0.013,0.013,0.013,0.013,0.013,0
2014-02-12,0.004,0.004,0.004,0.004,0.004,0
2014-02-13,0.009,0.009,0.009,0.009,0.009,0
2014-02-14,0.004,0.004,0.004,0.004,0.004,0
2014-02-18,0.004,0.004,0.004,0.004,0.004,0
2014-02-19,0.013,0.013,0.013,0.013,0.013,0
2014-02-20,0.01,0.01,0.01,0.01,0.01,0
2014-02-21,0.007,0.007,0.007,0.007,0.007,0
2014-02-24,0.01,0.01,0.01,0.01,0.01,0
2014-02-25,0.01,0.01,0.01,0.01,0.01,0
2014-02-26,0.01,0.01,0.01,0.01,0.01,0
2014-02-27,0.01,0.01,0.01,0.01,0.01,0
2014-02-28,0.013,0.013,0.013,0.013,0.013,0
2014-03-03,0.01,0.01,0.01,0.01,0.01,0
2014-03-04,0.01,0.01,0.01,0.01,0.01,0
2014-03-05,0.01,0.01,0.01,0.01,0.01,0
2014-03-06,0.017,0.017,0.017,0.017,0.017,0
2014-03-07,0.017,0.017,0.017,0.017,0.017,0
2014-03-10,0.016,0.016,0.016,0.016,0.016,0
2014-03-11,0.013,0.013,0.013,0.013,0.013,0
2014-03-12,0.013,0.013,0.013,0.013,0.013,0
2014-03-13,0.013,0.013,0.013,0.013,0.013,0
2014-03-14,0.013,0.013,0.013,0.013,0.013,0
2014-03-17,0.013,0.013,0.013,0.013,0.013,0
2014-03-18,0.013,0.013,0.013,0.013,0.013,0
2014-03-19,0.013,0.013,0.013,0.013,0.013,0
2014-03-20,0.013,0.013,0.013,0.013,0.013,0
2014-03-21,0.013,0.013,0.013,0.013,0.013,0
2014-03-24,0.013,0.013,0.013,0.013,0.013,0
2014-03-25,0.013,0.013,0.013,0.013,0.013,0
2014-03-26,0.013,0.013,0.013,0.013,0.013,0
2014-03-27,0.013,0.013,0.013,0.013,0.013,0
2014-03-28,0.01,0.01,0.01,0.01,0.01,0
2014-03-31,0.013,0.013,0.013,0.013,0.013,0
2014-04-01,0.01,0.01,0.01,0.01,0.01,0
2014-04-02,0.013,0.013,0.013,0.013,0.013,0
2014-04-03,0.013,0.013,0.013,0.013,0.013,0
2014-04-04,0.013,0.013,0.013,0.013,0.013,0
2014-04-07,0.013,0.013,0.013,0.013,0.013,0
2014-04-08,0.013,0.013,0.013,0.013,0.013,0
2014-04-09,0.013,0.013,0.013,0.013,0.013,0
2014-04-10,0.013,0.013,0.013,0.013,0.013,0
2014-04-11,0.013,0.013,0.013,0.013,0.013,0
2014-04-14,0.013,0.013,0.013,0.013,0.013,0
2014-04-15,0.013,0.013,0.013,0.013,0.013,0
2014-04-16,0.01,0.01,0.01,0.01,0.01,0
2014-04-17,0.01,0.01,0.01,0.01,0.01,0
2014-04-21,0.01,0.01,0.01,0.01,0.01,0
2014-04-22,0.011,0.011,0.011,0.011,0.011,0
2014-04-23,0.011,0.011,0.011,0.011,0.011,0
2014-04-24,0.013,0.013,0.013,0.013,0.013,0
2014-04-25,0.013,0.013,0.013,0.013,0.013,0
2014-04-28,0.013,0.013,0.013,0.013,0.013,0
2014-04-29,0.013,0.013,0.013,0.013,0.013,0
2014-04-30,0.011,0.011,0.011,0.011,0.011,0
2014-05-01,0.011,0.011,0.011,0.011,0.011,0
2014-05-02,0.011,0.011,0.011,0.011,0.011,0
2014-05-05,0.01,0.01,0.01,0.01,0.01,0
2014-05-06,0.01,0.01,0.01,0.01,0.01,0
2014-05-07,0.01,0.01,0.01,0.01,0.01,0
2014-05-08,0.01,0.01,0.01,0.01,0.01,0
2014-05-09,0.007,0.007,0.007,0.007,0.007,0
2014-05-12,0.007,0.007,0.007,0.007,0.007,0
2014-05-13,0.007,0.007,0.007,0.007,0.007,0
2014-05-14,0.007,0.007,0.007,0.007,0.007,0
2014-05-15,0.007,0.007,0.007,0.007,0.007,0
2014-05-16,0.007,0.007,0.007,0.007,0.007,0
2014-05-19,0.007,0.007,0.007,0.007,0.007,0
2014-05-20,0.007,0.007,0.007,0.007,0.007,0
2014-05-21,0.007,0.007,0.007,0.007,0.007,0
2014-05-22,0.007,0.007,0.007,0.007,0.007,0
2014-05-23,0.007,0.007,0.007,0.007,0.007,0
2014-05-27,0.007,0.007,0.007,0.007,0.007,0
2014-05-28,0.007,0.007,0.007,0.007,0.007,0
2014-05-29,0.007,0.007,0.007,0.007,0.007,0
2014-05-30,0.007,0.007,0.007,0.007,0.007,0
2014-06-02,0.007,0.007,0.007,0.007,0.007,0
2014-06-03,0.007,0.007,0.007,0.007,0.007,0
2014-06-04,0.007,0.007,0.007,0.007,0.007,0
2014-06-05,0.007,0.007,0.007,0.007,0.007,0
2014-06-06,0.007,0.007,0.007,0.007,0.007,0
2014-06-09,0.007,0.007,0.007,0.007,0.007,0
2014-06-10,0.007,0.007,0.007,0.007,0.007,0
2014-06-11,0.007,0.007,0.007,0.007,0.007,0
2014-06-12,0.01,0.01,0.01,0.01,0.01,0
2014-06-13,0.01,0.01,0.01,0.01,0.01,0
2014-06-16,0.01,0.01,0.01,0.01,0.01,0
2014-06-17,0.01,0.01,0.01,0.01,0.01,0
2014-06-18,0.01,0.01,0.01,0.01,0.01,0
2014-06-19,0.01,0.01,0.01,0.01,0.01,0
2014-06-20,0.01,0.01,0.01,0.01,0.01,0
2014-06-23,0.014,0.014,0.014,0.014,0.014,0
2014-06-24,0.014,0.014,0.014,0.014,0.014,0
2014-06-25,0.014,0.014,0.014,0.014,0.014,0
2014-06-26,0.014,0.014,0.014,0.014,0.014,0
2014-06-27,0.011,0.011,0.011,0.011,0.011,0
2014-06-30,0.011,0.011,0.011,0.011,0.011,0
2014-07-01,0.007,0.007,0.007,0.007,0.007,0
2014-07-02,0.007,0.007,0.007,0.007,0.007,0
2014-07-03,0.011,0.011,0.011,0.011,0.011,0
2014-07-07,0.011,0.011,0.011,0.011,0.011,0
2014-07-08,0.011,0.011,0.011,0.011,0.011,0
2014-07-09,0.007,0.007,0.007,0.007,0.007,0
2014-07-10,0.007,0.007,0.007,0.007,0.007,0
2014-07-11,0.011,0.011,0.011,0.011,0.011,0
2014-07-14,0.007,0.007,0.007,0.007,0.007,0
2014-07-15,0.007,0.007,0.007,0.007,0.007,0
2014-07-16,0.007,0.007,0.007,0.007,0.007,0
2014-07-17,0.007,0.007,0.007,0.007,0.007,0
2014-07-18,0.007,0.007,0.007,0.007,0.007,0
2014-07-21,0.014,0.014,0.014,0.014,0.014,0
2014-07-22,0.014,0.014,0.014,0.014,0.014,0
2014-07-23,0.011,0.011,0.011,0.011,0.011,0
2014-07-24,0.011,0.011,0.011,0.011,0.011,0
2014-07-25,0.011,0.011,0.011,0.011,0.011,0
2014-07-28,0.011,0.011,0.011,0.011,0.011,0
2014-07-29,0.011,0.011,0.011,0.011,0.011,0
2014-07-30,0.011,0.011,0.011,0.011,0.011,0
2014-07-31,0.007,0.007,0.007,0.007,0.007,0
2014-08-01,0.007,0.007,0.007,0.007,0.007,0
2014-08-04,0.007,0.007,0.007,0.007,0.007,0
2014-08-05,0.007,0.007,0.007,0.007,0.007,0
2014-08-06,0.01,0.01,0.01,0.01,0.01,0
2014-08-07,0.011,0.011,0.011,0.011,0.011,0
2014-08-08,0.014,0.014,0.014,0.014,0.014,0
2014-08-11,0.014,0.014,0.014,0.014,0.014,0
2014-08-12,0.014,0.014,0.014,0.014,0.014,0
2014-08-13,0.014,0.014,0.014,0.014,0.014,0
2014-08-14,0.011,0.011,0.011,0.011,0.011,0
2014-08-15,0.011,0.011,0.011,0.011,0.011,0
2014-08-18,0.011,0.011,0.011,0.011,0.011,0
2014-08-19,0.011,0.011,0.011,0.011,0.011,0
2014-08-20,0.011,0.011,0.011,0.011,0.011,0
2014-08-21,0.011,0.011,0.011,0.011,0.011,0
2014-08-22,0.011,0.011,0.011,0.011,0.011,0
2014-08-25,0.011,0.011,0.011,0.011,0.011,0
2014-08-26,0.011,0.011,0.011,0.011,0.011,0
2014-08-27,0.011,0.011,0.011,0.011,0.011,0
2014-08-28,0.011,0.011,0.011,0.011,0.011,0
2014-08-29,0.011,0.011,0.011,0.011,0.011,0
2014-09-02,0.015,0.015,0.014,0.014,0.014,0
2014-09-03,0.014,0.014,0.014,0.014,0.014,0
2014-09-04,0.014,0.014,0.014,0.014,0.014,0
2014-09-05,0.015,0.015,0.015,0.015,0.015,0
2014-09-08,0.015,0.015,0.015,0.015,0.015,0
2014-09-09,0.015,0.015,0.015,0.015,0.015,0
2014-09-10,0.015,0.015,0.015,0.015,0.015,0
2014-09-11,0.015,0.015,0.015,0.015,0.015,0
2014-09-12,0.015,0.015,0.015,0.015,0.015,0
2014-09-15,0.014,0.014,0.014,0.014,0.014,0
2014-09-16,0.011,0.011,0.011,0.011,0.011,0
2014-09-17,0.011,0.011,0.011,0.011,0.011,0
2014-09-18,0.011,0.011,0.011,0.011,0.011,0
2014-09-19,0.011,0.011,0.011,0.011,0.011,0
2014-09-22,0.015,0.015,0.015,0.015,0.015,0
2014-09-23,0.011,0.011,0.011,0.011,0.011,0
2014-09-24,0.011,0.011,0.011,0.011,0.011,0
2014-09-25,0.011,0.011,0.011,0.011,0.011,0
2014-09-26,0.011,0.011,0.011,0.011,0.011,0
2014-09-29,0.011,0.011,0.011,0.011,0.011,0
2014-09-30,0.011,0.011,0.011,0.011,0.011,0
2014-10-01,0.011,0.011,0.011,0.011,0.011,0
2014-10-02,0.011,0.011,0.011,0.011,0.011,0
2014-10-03,0.016,0.016,0.016,0.016,0.016,0
2014-10-10,0.015,0.015,0.015,0.015,0.015,0
2014-10-13,0.011,0.011,0.011,0.011,0.011,0
2014-10-15,0.011,0.011,0.011,0.011,0.011,0
2014-10-16,0.011,0.011,0.011,0.011,0.011,0
2014-10-17,0.011,0.011,0.011,0.011,0.011,0
2014-10-20,0.011,0.011,0.011,0.011,0.011,0
2014-10-21,0.011,0.011,0.011,0.011,0.011,0
2014-10-22,0.011,0.011,0.011,0.011,0.011,0
2014-10-23,0.008,0.008,0.008,0.008,0.008,0
2014-10-24,0.008,0.008,0.008,0.008,0.008,0
2014-10-27,0.008,0.008,0.008,0.008,0.008,0
2014-10-28,0.008,0.008,0.008,0.008,0.008,0
2014-10-29,0.008,0.008,0.008,0.008,0.008,0
2014-10-30,0.011,0.011,0.011,0.011,0.011,0
2014-10-31,0.008,0.008,0.008,0.008,0.008,0
2014-11-03,0.008,0.008,0.008,0.008,0.008,0
2014-11-04,0.008,0.008,0.008,0.008,0.008,0
2014-11-05,0.007,0.007,0.007,0.007,0.007,0
2014-11-06,0.008,0.008,0.008,0.008,0.008,0
2014-11-07,0.008,0.008,0.008,0.008,0.008,0
2014-11-10,0.008,0.008,0.008,0.008,0.008,0
2014-11-11,0.004,0.004,0.004,0.004,0.004,0
2014-11-12,0.004,0.004,0.004,0.004,0.004,0
2014-11-13,0.004,0.004,0.004,0.004,0.004,0
2014-11-14,0.004,0.004,0.004,0.004,0.004,0
2014-11-28,0.001,0.001,0.001,0.001,0.001,0
2014-12-01,0.001,0.001,0.001,0.001,0.001,0
2014-12-02,0.002,0.002,0.002,0.002,0.002,0
2014-12-03,0.002,0.002,0.002,0.002,0.002,0
2014-12-04,0.003,0.003,0.003,0.003,0.003,0
2014-12-05,0.003,0.003,0.003,0.003,0.003,0
2014-12-08,0.003,0.003,0.003,0.003,0.003,0
2014-12-09,0.003,0.003,0.003,0.003,0.003,0
2014-12-10,0.003,0.003,0.003,0.003,0.003,0
2014-12-11,0.003,0.005,0.003,0.005,0.005,0
2014-12-12,0.005,0.005,0.005,0.005,0.005,0
2014-12-15,0.005,0.005,0.005,0.005,0.005,0
2014-12-16,0.005,0.005,0.005,0.005,0.005,0
2014-12-17,0.005,0.005,0.005,0.005,0.005,0
2014-12-18,0.005,0.005,0.005,0.005,0.005,0
2014-12-19,0.002,0.002,0.002,0.002,0.002,0
2014-12-22,0.003,0.003,0.003,0.003,0.003,0
2014-12-23,0.003,0.003,0.003,0.003,0.003,0
2014-12-24,0.003,0.003,0.003,0.003,0.003,0
2014-12-26,0.003,0.003,0.003,0.003,0.003,0
2014-12-29,0.003,0.003,0.003,0.003,0.003,0
2014-12-30,0.003,0.003,0.003,0.003,0.003,0
2014-12-31,0.003,0.003,0.003,0.003,0.003,0
2015-01-02,0.003,0.003,0.002,0.002,0.002,0
2015-01-05,0.002,0.002,0.002,0.002,0.002,0
2015-01-06,0.002,0.002,0.002,0.002,0.002,0
2015-01-07,0.002,0.002,0.002,0.002,0.002,0
2015-01-08,0.002,0.002,0.002,0.002,0.002,0
2015-01-09,0.006,0.006,0.006,0.006,0.006,0
2015-01-12,0.006,0.006,0.006,0.006,0.006,0
2015-01-13,0.002,0.002,0.002,0.002,0.002,0
2015-01-14,0.002,0.002,0.002,0.002,0.002,0
2015-01-15,0.002,0.002,0.002,0.002,0.002,0
2015-01-16,0.006,0.006,0.006,0.006,0.006,0
2015-01-20,0.006,0.006,0.006,0.006,0.006,0
2015-01-21,0.006,0.006,0.006,0.006,0.006,0
2015-01-22,0.005,0.005,0.005,0.005,0.005,0
2015-01-23,0.002,0.002,0.002,0.002,0.002,0
2015-01-26,0.006,0.006,0.006,0.006,0.006,0
2015-01-27,0.006,0.006,0.006,0.006,0.006,0
2015-01-28,0.006,0.006,0.006,0.006,0.006,0
2015-01-29,0.006,0.006,0.006,0.006,0.006,0
2015-01-30,0.012,0.012,0.012,0.012,0.012,0
2015-02-02,0.012,0.012,0.012,0.012,0.012,0
2015-02-03,0.005,0.005,0.005,0.005,0.005,0
2015-02-04,0.006,0.006,0.006,0.006,0.006,0
2015-02-05,0.006,0.006,0.006,0.006,0.006,0
2015-02-06,0.006,0.006,0.006,0.006,0.006,0
2015-02-09,0.009,0.009,0.009,0.009,0.009,0
2015-02-10,0.009,0.009,0.009,0.009,0.009,0
2015-02-11,0.013,0.013,0.013,0.013,0.013,0
2015-02-12,0.012,0.012,0.012,0.012,0.012,0
2015-02-13,0.013,0.013,0.013,0.013,0.013,0
2015-02-17,0.013,0.013,0.013,0.013,0.013,0
2015-02-18,0.013,0.013,0.013,0.013,0.013,0
2015-02-19,0.013,0.013,0.013,0.013,0.013,0
2015-02-20,0.013,0.013,0.013,0.013,0.013,0
2015-02-23,0.013,0.013,0.013,0.013,0.013,0
2015-02-24,0.013,0.013,0.013,0.013,0.013,0
2015-02-25,0.013,0.013,0.013,0.013,0.013,0
2015-02-26,0.013,0.013,0.013,0.013,0.013,0
2015-02-27,0.013,0.013,0.013,0.013,0.013,0
2015-03-02,0.013,0.013,0.013,0.013,0.013,0
2015-03-03,0.006,0.006,0.006,0.006,0.006,0
2015-03-04,0.006,0.006,0.006,0.006,0.006,0
2015-03-05,0.006,0.006,0.006,0.006,0.006,0
2015-03-06,0.002,0.002,0.002,0.002,0.002,0
2015-03-09,0.006,0.006,0.006,0.006,0.006,0
2015-03-10,0.006,0.006,0.006,0.006,0.006,0
2015-03-11,0.006,0.006,0.006,0.006,0.006,0
2015-03-12,0.006,0.006,0.006,0.006,0.006,0
2015-03-13,0.006,0.006,0.006,0.006,0.006,0
2015-03-16,0.006,0.006,0.006,0.006,0.006,0
2015-03-17,0.01,0.01,0.01,0.01,0.01,0
2015-03-18,0.01,0.01,0.01,0.01,0.01,0
2015-03-19,0.01,0.01,0.01,0.01,0.01,0
2015-03-20,0.01,0.01,0.01,0.01,0.01,0
2015-03-23,0.01,0.01,0.01,0.01,0.01,0
2015-03-24,0.01,0.01,0.01,0.01,0.01,0
2015-04-15,0.01,0.01,0.01,0.01,0.01,0
2015-04-16,0.01,0.01,0.01,0.01,0.01,0
2015-04-17,0.006,0.006,0.006,0.006,0.006,0
2015-05-04,0.01,0.01,0.01,0.01,0.01,0
2015-05-05,0.01,0.01,0.01,0.01,0.01,0
2015-05-20,0.01,0.01,0.01,0.01,0.01,0
2015-06-01,0.002,0.002,0.002,0.002,0.002,0
2015-06-02,0.006,0.006,0.006,0.006,0.006,0
2015-06-03,0.006,0.006,0.006,0.006,0.006,0
2015-06-04,0.006,0.006,0.006,0.006,0.006,0
2015-06-05,0.006,0.006,0.006,0.006,0.006,0
2015-07-06,0.009,0.009,0.009,0.009,0.009,0
2015-07-07,0.009,0.009,0.009,0.009,0.009,0
2015-07-08,0.009,0.009,0.009,0.009,0.009,0
2015-07-09,0.009,0.009,0.009,0.009,0.009,0
2015-07-10,0.009,0.009,0.009,0.009,0.009,0
2015-07-27,0.009,0.009,0.009,0.009,0.009,0
2015-07-28,0.009,0.009,0.009,0.009,0.009,0
2015-09-14,0.005,0.005,0.005,0.005,0.005,0
2015-09-15,0.005,0.005,0.005,0.005,0.005,0
2015-09-16,0.005,0.005,0.005,0.005,0.005,0
2015-09-17,0.005,0.005,0.005,0.005,0.005,0
2015-09-18,0.005,0.005,0.005,0.005,0.005,0
2015-09-21,0.005,0.005,0.005,0.005,0.005,0
2015-09-22,0.005,0.005,0.005,0.005,0.005,0
2015-10-16,0.005,0.005,0.005,0.005,0.005,0
2015-10-19,0.005,0.005,0.005,0.005,0.005,0
2015-10-20,0.005,0.005,0.005,0.005,0.005,0
2015-10-21,0.005,0.005,0.005,0.005,0.005,0
2015-10-22,0.002,0.002,0.002,0.002,0.002,0
2015-10-23,0.002,0.002,0.002,0.002,0.002,0
2015-10-26,0.002,0.002,0.002,0.002,0.002,0
2015-10-27,0.002,0.002,0.002,0.002,0.002,0
2015-10-28,0.002,0.002,0.002,0.002,0.002,0
2015-11-09,0.002,0.002,0.002,0.002,0.002,0
2015-11-10,0.002,0.002,0.002,0.002,0.002,0
2015-11-11,0.002,0.002,0.002,0.002,0.002,0
2015-11-12,0.002,0.002,0.002,0.002,0.002,0
2015-11-13,0.002,0.002,0.002,0.002,0.002,0
2015-11-16,0.002,0.002,0.002,0.002,0.002,0
2015-11-17,0.002,0.002,0.002,0.002,0.002,0
2015-11-18,0.002,0.002,0.002,0.002,0.002,0
2015-11-19,0.002,0.002,0.002,0.002,0.002,0
2015-11-20,0.002,0.002,0.002,0.002,0.002,0
2015-12-03,0.005,0.005,0.005,0.005,0.005,0
2015-12-04,0.005,0.005,0.005,0.005,0.005,0
2015-12-07,0.005,0.005,0.005,0.005,0.005,0
2015-12-08,0.005,0.005,0.005,0.005,0.005,0
2015-12-09,0.005,0.005,0.005,0.005,0.005,0
2015-12-10,0.005,0.005,0.005,0.005,0.005,0
2015-12-11,0.005,0.005,0.005,0.005,0.005,0
2015-12-18,0.001,0.001,0.001,0.001,0.001,0
2015-12-21,0.001,0.001,0.001,0.001,0.001,0
2015-12-22,0.001,0.001,0.001,0.001,0.001,0
2015-12-23,0.001,0.001,0.001,0.001,0.001,0
2015-12-24,0.001,0.001,0.001,0.001,0.001,0
2015-12-28,0.001,0.001,0.001,0.001,0.001,0
2015-12-29,0.001,0.001,0.001,0.001,0.001,0
2017-07-05,12.22,12.3,11.65,11.92,11.92,199300
2017-07-06,11.9,12.08,11.695,11.96,11.96,153700
2017-07-07,11.86,11.93,11.43,11.48,11.48,82000
2017-07-10,11.47,11.96,11.33,11.5,11.5,102700
2017-07-11,11.51,11.59,11.27,11.36,11.36,83800
2017-07-12,11.42,11.81,11.22,11.37,11.37,115900
2017-07-17,75.0,75.0,70.0,70.0,70.0,34000
2017-07-18,70.5,72.0,69.91999799999999,70.0,70.0,35700
2017-07-19,67.91999799999999,69.510002,67.800003,68.949997,68.949997,1800
2017-07-20,69.749001,70.0,69.0,69.0,69.0,28400
2017-07-21,70.0,70.0,68.559998,68.922997,68.922997,1600
2017-07-24,69.0,69.290001,69.0,69.0,69.0,4600
2017-07-25,69.146004,69.146004,68.949997,69.084,69.084,1400
2017-07-26,69.08000200000001,69.08000200000001,69.08000200000001,69.08000200000001,69.08000200000001,0
2017-07-27,69.25,69.25,68.0,68.0,68.0,13000
2017-07-28,67.260002,67.260002,67.260002,67.260002,67.260002,100
2017-07-31,67.699997,67.699997,65.279999,66.0,66.0,19100
2017-08-01,66.650002,66.860001,66.230003,66.25,66.25,26800
2017-08-02,65.980003,66.059998,64.83000200000001,64.889999,64.889999,112400
2017-08-03,65.0,65.5,63.5,64.0,64.0,34300
2017-08-04,64.940002,65.050003,64.440002,64.57,64.57,335400
2017-08-07,62.75,62.849998,60.580002,61.720001,61.720001,11208100
2017-08-08,61.060001,61.5,56.59,56.900002,56.900002,4124500
2017-08-09,56.009997999999996,57.119999,54.939999,56.720001,56.720001,4513900
2017-08-10,56.549999,59.490002000000004,56.0,58.5,58.5,3231800
2017-08-11,58.099998,58.484001,57.040001000000004,57.970001,57.970001,1751500
2017-08-14,57.419998,58.529999,57.0,57.360001000000004,57.360001000000004,2391800
2017-08-15,57.48,59.0,57.110001000000004,58.009997999999996,58.009997999999996,1816000
2017-08-16,57.509997999999996,58.720001,56.970001,57.5,57.5,3090600
2017-08-17,57.049999,57.580002,55.16,55.970001,55.970001,1922700
2017-08-18,55.689999,57.919998,55.18,57.450001,57.450001,2680900
2017-08-21,57.0,57.939999,56.619999,56.860001000000004,56.860001000000004,1482000
2017-08-22,56.919998,57.799999,56.57,57.209998999999996,57.209998999999996,1202400
2017-08-23,56.759997999999996,57.290001000000004,56.240002000000004,56.650002,56.650002,1272300
2017-08-24,56.389998999999996,56.639998999999996,55.110001000000004,55.32,55.32,1312200
2017-08-25,55.529999,56.630001,54.900002,55.540001000000004,55.540001000000004,1080300
2017-08-28,55.779999,55.974998,55.16,55.34,55.34,720400
2017-08-29,55.25,55.869999,54.77,55.759997999999996,55.759997999999996,1221200
2017-08-30,55.48,57.470001,55.349998,57.099998,57.099998,1200400
2017-08-31,57.060001,57.400002,56.209998999999996,57.07,57.07,1722800
2017-09-01,56.900002,57.98,56.360001000000004,57.490002000000004,57.490002000000004,945900
2017-09-05,57.189999,57.189999,53.689999,54.080002,54.080002,2853100
2017-09-06,54.330002,54.59,52.939999,53.18,53.18,1781400
2017-09-07,53.360001000000004,53.68,52.750999,53.0,53.0,1359600
2017-09-08,53.0,54.591999,52.950001,54.540001000000004,54.540001000000004,1039400
2017-09-11,55.080002,56.0,54.830002,55.110001000000004,55.110001000000004,1126000
2017-09-12,55.110001000000004,55.98,54.529999,55.189999,55.189999,1339400
2017-09-13,54.91,55.400002,54.77,55.349998,55.349998,848900
2017-09-14,55.119999,55.689999,54.950001,55.619999,55.619999,1115200
2017-09-15,55.5,56.59,55.240002000000004,56.560001,56.560001,1680100
2017-09-18,56.75,57.400002,56.405998,57.209998999999996,57.209998999999996,1085900
2017-09-19,57.09,57.310001,56.77,56.93,56.93,989400
2017-09-20,56.549999,57.540001000000004,56.5,57.490002000000004,57.490002000000004,723300
2017-09-21,57.279999,58.063999,57.150002,57.68,57.68,655900
2017-09-22,57.060001,58.549999,56.810001,58.349998,58.349998,903300
2017-09-25,57.799999,58.939999,57.450001,58.68,58.68,924900
2017-09-26,58.990002000000004,60.84,58.500999,60.639998999999996,60.639998999999996,946400
2017-09-27,60.68,61.919998,60.279999,61.290001000000004,61.290001000000004,1262900
2017-09-28,61.200001,61.200001,59.34,60.43,60.43,1218600
2017-09-29,60.16,61.130001,60.16,60.799999,60.799999,628100
2017-10-02,60.75,61.049999,59.919998,60.990002000000004,60.990002000000004,896400
2017-10-03,60.709998999999996,60.814999,59.330002,60.220001,60.220001,999200
2017-10-04,60.259997999999996,60.439999,59.41,59.48,59.48,745400
2017-10-05,59.450001,60.700001,59.419998,60.57,60.57,557400
2017-10-06,60.700001,61.299999,60.48,61.02,61.02,784100
2017-10-09,60.849998,60.98,60.060001,60.119999,60.119999,582800
2017-10-10,60.310001,60.490002000000004,59.400002,60.099998,60.099998,1434900
2017-10-11,60.200001,60.779999,59.360001000000004,60.669998,60.669998,637000
2017-10-12,60.330002,60.75,60.081001,60.43,60.43,457600
2017-10-13,60.349998,60.419998,59.779999,60.400002,60.400002,489200
2017-10-16,60.299999,60.84,59.810001,60.240002000000004,60.240002000000004,607300
2017-10-17,60.32,60.66,60.0,60.630001,60.630001,520400
2017-10-18,60.57,60.830002,60.240002000000004,60.709998999999996,60.709998999999996,402600
2017-10-19,60.349998,61.209998999999996,60.040001000000004,61.200001,61.200001,654700
2017-10-20,61.25,62.549999,61.139998999999996,62.119999,62.119999,755900
2017-10-23,62.060001,62.349998,61.549999,61.73,61.73,473300
2017-10-24,62.110001000000004,62.900002,61.713001,62.540001000000004,62.540001000000004,849300
2017-10-25,62.310001,63.0,61.819,62.060001,62.060001,1028600
2017-10-26,61.950001,63.240002000000004,61.610001000000004,63.189999,63.189999,550600
2017-10-27,62.950001,63.66,62.849998,63.630001,63.630001,482500
2017-10-30,63.200001,63.470001,62.43,62.459998999999996,62.459998999999996,825600
2017-10-31,62.93,62.950001,61.779999,62.18,62.18,973200
2017-11-01,62.150002,62.84,61.610001000000004,62.049999,62.049999,645400
2017-11-02,57.490002000000004,60.189999,57.150002,59.23,59.23,2230400
2017-11-03,59.34,59.450001,57.400002,57.82,57.82,1463300
2017-11-06,57.490002000000004,58.279999,55.93,56.66,56.66,1140700
2017-11-07,56.32,57.02,55.799999,56.950001,56.950001,1265900
2017-11-08,56.580002,56.810001,55.880001,56.290001000000004,56.290001000000004,590000
2017-11-09,56.139998999999996,56.790001000000004,56.02,56.5,56.5,711800
2017-11-10,56.16,56.720001,56.080002,56.580002,56.580002,531000
2017-11-13,56.040001000000004,56.52,55.709998999999996,55.990002000000004,55.990002000000004,937000
2017-11-14,55.68,55.880001,55.110001000000004,55.380001,55.380001,1077900
2017-11-15,55.310001,56.224998,54.66,54.970001,54.970001,1611000
2017-11-16,55.029999,55.580002,54.605,55.419998,55.419998,1076300
2017-11-17,55.07,55.900002,54.970001,55.669998,55.669998,518500
